id,date_created,year,month,day,quarter,day_of_week,is_weekend,month_name,day_name,is_active,created_at,updated_at
24ed35b5-7425-4fe8-932f-3052259d5266,2024-01-25 13:22:24+00:00,2024,1,25,1,3,False,January,Thursday,True,2025-04-03 12:09:12.783521,2025-04-03 12:09:12.783522
1af56440-6a74-4d10-a9a1-0f260cbae2b5,2023-10-08 00:22:06+00:00,2023,10,8,4,6,True,October,Sunday,True,2025-04-03 12:09:12.783763,2025-04-03 12:09:12.783767
41fe5ab2-6186-469a-845d-a721005eb697,2024-04-30 15:01:11+00:00,2024,4,30,2,1,False,April,Tuesday,True,2025-04-03 12:09:12.784087,2025-04-03 12:09:12.784088
85cd523d-0410-4024-8ee5-bdb309368847,2023-02-01 18:25:37+00:00,2023,2,1,1,2,False,February,Wednesday,True,2025-04-03 12:09:12.784751,2025-04-03 12:09:12.784752
3dc5ba87-dcc1-4191-97f2-cf51618030f8,2022-12-06 21:33:33+00:00,2022,12,6,4,1,False,December,Tuesday,True,2025-04-03 12:09:12.785529,2025-04-03 12:09:12.785530
4f34497f-2c47-4f43-ae3b-cda6e6611eb0,2024-05-26 23:52:58+00:00,2024,5,26,2,6,True,May,Sunday,True,2025-04-03 12:09:12.786718,2025-04-03 12:09:12.786718
75c64cd6-3ed5-486f-97d4-8c7ac408dbe6,2024-03-05 23:00:45+00:00,2024,3,5,1,1,False,March,Tuesday,True,2025-04-03 12:09:12.786838,2025-04-03 12:09:12.786844
fdc8c9d6-6ea7-45c9-b291-67b354df84ed,2023-12-12 07:25:35+00:00,2023,12,12,4,1,False,December,Tuesday,True,2025-04-03 12:09:12.787120,2025-04-03 12:09:12.787125
9e136202-e229-4147-8b6b-0b17a664b719,2024-09-03 04:23:20+00:00,2024,9,3,3,1,False,September,Tuesday,True,2025-04-03 12:09:12.787306,2025-04-03 12:09:12.787306
9b5936eb-468a-4b83-a062-fc83d26964a0,2024-02-26 15:23:54+00:00,2024,2,26,1,0,False,February,Monday,True,2025-04-03 12:09:12.787515,2025-04-03 12:09:12.787516
d5124bde-302d-4c74-8444-3f64a5a62d14,2023-09-12 20:30:25+00:00,2023,9,12,3,1,False,September,Tuesday,True,2025-04-03 12:09:12.788157,2025-04-03 12:09:12.788158
64abcc1a-a95a-4a53-8e0a-2bff96689288,2023-07-26 04:08:16+00:00,2023,7,26,3,2,False,July,Wednesday,True,2025-04-03 12:09:12.788374,2025-04-03 12:09:12.788375
58c4f2ae-ec5b-4ae0-8cf4-acdb77803d7a,2017-01-24 02:48:31+00:00,2017,1,24,1,1,False,January,Tuesday,True,2025-04-03 12:09:12.788548,2025-04-03 12:09:12.788548
b6b2c749-5b32-4936-b470-d042a99b67cd,2023-01-14 11:06:05+00:00,2023,1,14,1,5,True,January,Saturday,True,2025-04-03 12:09:12.789202,2025-04-03 12:09:12.789202
c02c73f1-f711-43b4-a150-fb26f73d072f,2023-05-15 23:52:09+00:00,2023,5,15,2,0,False,May,Monday,True,2025-04-03 12:09:12.789406,2025-04-03 12:09:12.789411
f175ddf8-81b9-4bb2-af7e-010e589c425d,2024-01-22 15:48:50+00:00,2024,1,22,1,0,False,January,Monday,True,2025-04-03 12:09:12.790140,2025-04-03 12:09:12.790140
d53b0d15-77e4-4658-a596-4ee25c13a417,2024-10-21 21:17:57+00:00,2024,10,21,4,0,False,October,Monday,True,2025-04-03 12:09:12.790263,2025-04-03 12:09:12.790263
f3e3efd6-16df-4a91-99d2-1be23f6e7d33,2024-04-29 22:02:37+00:00,2024,4,29,2,0,False,April,Monday,True,2025-04-03 12:09:12.790683,2025-04-03 12:09:12.790689
09cdcb20-0434-4397-a872-a9dbaef92205,2025-02-07 19:22:16+00:00,2025,2,7,1,4,False,February,Friday,True,2025-04-03 12:09:12.791186,2025-04-03 12:09:12.791187
4e48f703-1e7b-432a-85ea-90d070df0e6d,2023-07-06 16:11:42+00:00,2023,7,6,3,3,False,July,Thursday,True,2025-04-03 12:09:12.791913,2025-04-03 12:09:12.791914
4d8fe237-8063-43cf-a906-e6d633a33fb2,2022-12-07 19:04:46+00:00,2022,12,7,4,2,False,December,Wednesday,True,2025-04-03 12:09:12.792361,2025-04-03 12:09:12.792361
022af37b-aa2b-411d-acb3-a352163deb38,2024-05-27 12:51:36+00:00,2024,5,27,2,0,False,May,Monday,True,2025-04-03 12:09:12.792432,2025-04-03 12:09:12.792432
86450dcd-88b3-40a4-ab02-08fbbe69796b,2022-11-18 01:08:10+00:00,2022,11,18,4,4,False,November,Friday,True,2025-04-03 12:09:12.792557,2025-04-03 12:09:12.792557
58b8f3c8-eaca-47d6-8dfc-1e194cf2e4a4,2020-11-06 14:51:40+00:00,2020,11,6,4,4,False,November,Friday,True,2025-04-03 12:09:12.792685,2025-04-03 12:09:12.792685
3f20e732-2240-4ddf-809a-bc88b8044269,2024-10-22 14:27:09+00:00,2024,10,22,4,1,False,October,Tuesday,True,2025-04-03 12:09:12.792928,2025-04-03 12:09:12.792928
3a502768-3cb4-4d36-8e12-1c40a867667c,2024-12-23 15:47:01+00:00,2024,12,23,4,0,False,December,Monday,True,2025-04-03 12:09:12.793065,2025-04-03 12:09:12.793066
4c9dbd83-0ce7-411b-a63d-ea1111faf96f,2024-12-30 09:36:12+00:00,2024,12,30,4,0,False,December,Monday,True,2025-04-03 12:09:12.793177,2025-04-03 12:09:12.793177
4b2111ed-4dfb-4690-8be6-c610b4ad22a0,2023-04-24 17:13:52+00:00,2023,4,24,2,0,False,April,Monday,True,2025-04-03 12:09:12.793310,2025-04-03 12:09:12.793310
9f12d997-5178-46bc-9e4c-32bd11e9bf00,2024-05-06 22:23:35+00:00,2024,5,6,2,0,False,May,Monday,True,2025-04-03 12:09:12.793362,2025-04-03 12:09:12.793362
ff3828f1-1544-44ee-a0eb-3cc1a362e9e2,2024-11-11 19:32:15+00:00,2024,11,11,4,0,False,November,Monday,True,2025-04-03 12:09:12.793544,2025-04-03 12:09:12.793544
eb3e29e9-63f6-4fc2-9f70-eb218cfbbf5a,2024-02-04 07:22:37+00:00,2024,2,4,1,6,True,February,Sunday,True,2025-04-03 12:09:12.793581,2025-04-03 12:09:12.793582
df61bdc0-dafd-4f22-a43c-f786dd9d5e70,2023-04-30 00:15:21+00:00,2023,4,30,2,6,True,April,Sunday,True,2025-04-03 12:09:12.793695,2025-04-03 12:09:12.793695
a34809a4-7861-4763-a3a1-5611b2b57369,2023-07-10 20:45:27+00:00,2023,7,10,3,0,False,July,Monday,True,2025-04-03 12:09:12.793793,2025-04-03 12:09:12.793793
ded4024b-d409-4412-be57-2d29b753b8c1,2022-12-10 01:33:54+00:00,2022,12,10,4,5,True,December,Saturday,True,2025-04-03 12:09:12.793965,2025-04-03 12:09:12.793965
69944864-4eb6-4220-aaed-468b172e5b88,2023-04-19 20:53:49+00:00,2023,4,19,2,2,False,April,Wednesday,True,2025-04-03 12:09:12.794124,2025-04-03 12:09:12.794124
ccdd90b1-bcc5-46d5-aa56-7648366c4ef5,2023-03-11 23:51:23+00:00,2023,3,11,1,5,True,March,Saturday,True,2025-04-03 12:09:12.794196,2025-04-03 12:09:12.794197
b24352cd-1803-41a5-a281-251e3f86579a,2023-06-08 03:10:22+00:00,2023,6,8,2,3,False,June,Thursday,True,2025-04-03 12:09:12.794294,2025-04-03 12:09:12.794294
628058e9-f99a-4a8e-9fa1-338d938add25,2023-01-24 21:37:55+00:00,2023,1,24,1,1,False,January,Tuesday,True,2025-04-03 12:09:12.794366,2025-04-03 12:09:12.794367
9e757f8c-3423-43a0-92cb-87f46b2beca7,2022-11-10 23:35:24+00:00,2022,11,10,4,3,False,November,Thursday,True,2025-04-03 12:09:12.794423,2025-04-03 12:09:12.794423
e40d7ef5-fbad-48e9-99f7-9f1cb35e709d,2023-03-23 23:59:44+00:00,2023,3,23,1,3,False,March,Thursday,True,2025-04-03 12:09:12.794523,2025-04-03 12:09:12.794523
6b2ce4d3-c369-42b8-b92f-7ced79001bb0,2024-01-01 22:03:30+00:00,2024,1,1,1,0,False,January,Monday,True,2025-04-03 12:09:12.794597,2025-04-03 12:09:12.794597
59dd3810-a853-4658-9cc0-ce433f9bf380,2023-07-16 19:33:59+00:00,2023,7,16,3,6,True,July,Sunday,True,2025-04-03 12:09:12.794837,2025-04-03 12:09:12.794837
7229f47d-20bc-4f60-8379-980424106dc2,2023-04-20 13:53:41+00:00,2023,4,20,2,3,False,April,Thursday,True,2025-04-03 12:09:12.794957,2025-04-03 12:09:12.794958
26070719-ebaf-4bfa-8128-392aa2b69941,2023-07-17 12:07:46+00:00,2023,7,17,3,0,False,July,Monday,True,2025-04-03 12:09:12.795116,2025-04-03 12:09:12.795116
e2d5d531-20dd-4496-82c4-b49089e3e6fe,2023-10-05 17:56:37+00:00,2023,10,5,4,3,False,October,Thursday,True,2025-04-03 12:09:12.795198,2025-04-03 12:09:12.795198
4285bcf4-4530-4af4-add6-046167cd4f05,2022-12-03 21:37:45+00:00,2022,12,3,4,5,True,December,Saturday,True,2025-04-03 12:09:12.795327,2025-04-03 12:09:12.795327
e82204da-bc7a-4c3c-a80c-670b6edf85f0,2023-03-09 17:03:12+00:00,2023,3,9,1,3,False,March,Thursday,True,2025-04-03 12:09:12.795372,2025-04-03 12:09:12.795373
5d0b758d-6a90-447a-9953-c2c6257c3ca3,2024-03-26 16:31:05+00:00,2024,3,26,1,1,False,March,Tuesday,True,2025-04-03 12:09:12.795429,2025-04-03 12:09:12.795429
01f97d5c-4b06-44a3-935f-d542d134cdaf,2023-08-25 07:40:44+00:00,2023,8,25,3,4,False,August,Friday,True,2025-04-03 12:09:12.795521,2025-04-03 12:09:12.795521
f13d7cf9-e8b9-48ae-b463-bd1462d7aa06,2024-10-06 00:25:30+00:00,2024,10,6,4,6,True,October,Sunday,True,2025-04-03 12:09:12.795624,2025-04-03 12:09:12.795625
4e76fc98-d07c-4669-a9ab-47cac7081d17,2019-05-15 09:57:53+00:00,2019,5,15,2,2,False,May,Wednesday,True,2025-04-03 12:09:12.795702,2025-04-03 12:09:12.795702
6314fa0b-a459-4124-afd0-6007587458fb,2023-02-08 11:07:46+00:00,2023,2,8,1,2,False,February,Wednesday,True,2025-04-03 12:09:12.795845,2025-04-03 12:09:12.795845
176699e9-036d-47c0-a163-f1d8c34fabfe,2023-05-03 17:48:53+00:00,2023,5,3,2,2,False,May,Wednesday,True,2025-04-03 12:09:12.795905,2025-04-03 12:09:12.795906
da8aaad7-03ff-4cd6-9f5d-bdcf637499e1,2024-01-11 23:52:59+00:00,2024,1,11,1,3,False,January,Thursday,True,2025-04-03 12:09:12.795976,2025-04-03 12:09:12.795976
ebe9702d-cb56-4600-b75d-fc894535b249,2023-03-05 20:09:41+00:00,2023,3,5,1,6,True,March,Sunday,True,2025-04-03 12:09:12.796128,2025-04-03 12:09:12.796128
b8e84a7d-80bd-45a0-91c6-01225cb3d160,2023-07-24 20:35:50+00:00,2023,7,24,3,0,False,July,Monday,True,2025-04-03 12:09:12.796397,2025-04-03 12:09:12.796397
489c2937-02da-42c2-95f2-82861241f78c,2023-05-12 06:36:41+00:00,2023,5,12,2,4,False,May,Friday,True,2025-04-03 12:09:12.796545,2025-04-03 12:09:12.796545
fde33f1c-8965-4d4b-9989-ecc6085394c8,2024-10-16 21:27:09+00:00,2024,10,16,4,2,False,October,Wednesday,True,2025-04-03 12:09:12.796613,2025-04-03 12:09:12.796614
57cd6d85-9856-4772-8d68-29baaceab07b,2024-06-07 16:55:19+00:00,2024,6,7,2,4,False,June,Friday,True,2025-04-03 12:09:12.796687,2025-04-03 12:09:12.796688
32b9d21c-5746-4029-b86d-80d15ebdf07d,2024-07-19 20:14:17+00:00,2024,7,19,3,4,False,July,Friday,True,2025-04-03 12:09:12.796728,2025-04-03 12:09:12.796729
c8ad6904-80d0-4182-a19c-283952dbb11a,2023-05-10 17:40:46+00:00,2023,5,10,2,2,False,May,Wednesday,True,2025-04-03 12:09:12.796855,2025-04-03 12:09:12.796855
a4cfd3cf-4ca9-450e-ae08-a66c26c65d70,2023-12-14 07:15:36+00:00,2023,12,14,4,3,False,December,Thursday,True,2025-04-03 12:09:12.796930,2025-04-03 12:09:12.796930
55282ae1-b0ca-4b45-b73d-11996e58d57e,2024-02-07 03:13:05+00:00,2024,2,7,1,2,False,February,Wednesday,True,2025-04-03 12:09:12.797058,2025-04-03 12:09:12.797059
9a1abbad-3e0e-439f-b73e-79337e4c2e62,2023-09-17 15:02:54+00:00,2023,9,17,3,6,True,September,Sunday,True,2025-04-03 12:09:12.797122,2025-04-03 12:09:12.797122
ab4ce599-93b2-4359-85fb-7b457666122c,2024-05-12 16:01:51+00:00,2024,5,12,2,6,True,May,Sunday,True,2025-04-03 12:09:12.797210,2025-04-03 12:09:12.797211
c37a4578-a31b-4145-8590-f3f38a07793d,2024-04-11 15:40:37+00:00,2024,4,11,2,3,False,April,Thursday,True,2025-04-03 12:09:12.797376,2025-04-03 12:09:12.797377
ce34be2a-46b4-48e0-8edb-65d38b570b93,2023-01-31 17:16:30+00:00,2023,1,31,1,1,False,January,Tuesday,True,2025-04-03 12:09:12.797509,2025-04-03 12:09:12.797509
cd2751de-a84b-42a7-9b1d-7cfd87b042ef,2024-01-09 16:59:59+00:00,2024,1,9,1,1,False,January,Tuesday,True,2025-04-03 12:09:12.797569,2025-04-03 12:09:12.797569
068d29f2-d7af-43a0-b2a4-1887ee29273e,2024-02-06 08:29:12+00:00,2024,2,6,1,1,False,February,Tuesday,True,2025-04-03 12:09:12.797919,2025-04-03 12:09:12.797919
3baac5e8-9740-4b22-ab62-fcc3c766a24a,2023-05-09 00:51:35+00:00,2023,5,9,2,1,False,May,Tuesday,True,2025-04-03 12:09:12.797962,2025-04-03 12:09:12.797962
eb32d91b-ef17-478d-a5d1-26d0b0c5bc5c,2023-08-07 20:35:54+00:00,2023,8,7,3,0,False,August,Monday,True,2025-04-03 12:09:12.798083,2025-04-03 12:09:12.798083
9ba52352-baf2-489d-9d39-c22bae1421f2,2023-02-16 21:07:03+00:00,2023,2,16,1,3,False,February,Thursday,True,2025-04-03 12:09:12.798218,2025-04-03 12:09:12.798218
2fe5b4ae-b3c3-49f3-a5bb-fea7190302f5,2023-06-25 19:14:56+00:00,2023,6,25,2,6,True,June,Sunday,True,2025-04-03 12:09:12.798459,2025-04-03 12:09:12.798459
9b64adc1-4672-4dfc-893d-2889031d653b,2023-06-13 16:24:18+00:00,2023,6,13,2,1,False,June,Tuesday,True,2025-04-03 12:09:12.798574,2025-04-03 12:09:12.798574
175c2e11-ac2d-4c50-92be-92d80d33a653,2020-08-04 21:16:57+00:00,2020,8,4,3,1,False,August,Tuesday,True,2025-04-03 12:09:12.798691,2025-04-03 12:09:12.798691
9d872469-58f3-4c0c-9592-dcdbaa74c0ad,2024-11-08 06:23:01+00:00,2024,11,8,4,4,False,November,Friday,True,2025-04-03 12:09:12.799073,2025-04-03 12:09:12.799073
48773564-58e0-4cac-a6db-65723175477c,2025-03-03 20:36:33+00:00,2025,3,3,1,0,False,March,Monday,True,2025-04-03 12:09:12.799138,2025-04-03 12:09:12.799138
c6bdb85a-9eba-4eb9-b7f6-8e1271d5b708,2022-12-08 21:12:00+00:00,2022,12,8,4,3,False,December,Thursday,True,2025-04-03 12:09:12.799247,2025-04-03 12:09:12.799247
b12d09ce-f83f-4e51-99f2-6292bb1834ac,2023-09-22 13:41:12+00:00,2023,9,22,3,4,False,September,Friday,True,2025-04-03 12:09:12.799396,2025-04-03 12:09:12.799396
956a0d95-99d7-4fda-99e1-89c0386727a1,2016-02-22 16:10:14+00:00,2016,2,22,1,0,False,February,Monday,True,2025-04-03 12:09:12.799464,2025-04-03 12:09:12.799464
34b81f21-da08-49c5-928a-0a066e31db71,2024-09-13 15:18:11+00:00,2024,9,13,3,4,False,September,Friday,True,2025-04-03 12:09:12.799698,2025-04-03 12:09:12.799698
4ab90397-41d1-4186-8b1e-3b636c904031,2025-03-02 14:56:02+00:00,2025,3,2,1,6,True,March,Sunday,True,2025-04-03 12:09:12.799746,2025-04-03 12:09:12.799746
7942dca9-4507-4d32-a8ae-1007a4fc6f37,2024-06-14 16:39:38+00:00,2024,6,14,2,4,False,June,Friday,True,2025-04-03 12:09:12.799791,2025-04-03 12:09:12.799791
62c253e0-fa99-46c8-9544-609c10bf66d2,2025-03-22 13:36:40+00:00,2025,3,22,1,5,True,March,Saturday,True,2025-04-03 12:09:12.799820,2025-04-03 12:09:12.799820
236b88f6-4e0b-4842-af4e-565fc6111bb4,2025-03-29 00:07:48+00:00,2025,3,29,1,5,True,March,Saturday,True,2025-04-03 12:09:12.799957,2025-04-03 12:09:12.799957
fc458685-6cf3-4628-827e-a052334947b1,2024-07-17 13:56:55+00:00,2024,7,17,3,2,False,July,Wednesday,True,2025-04-03 12:09:12.800084,2025-04-03 12:09:12.800085
600381dd-d9a6-40c9-b4ff-54ef0431fb4c,2024-05-29 03:42:01+00:00,2024,5,29,2,2,False,May,Wednesday,True,2025-04-03 12:09:12.800252,2025-04-03 12:09:12.800252
ae8b85b6-a141-491c-8f48-b3e7540d8a84,2023-01-18 12:25:28+00:00,2023,1,18,1,2,False,January,Wednesday,True,2025-04-03 12:09:12.800290,2025-04-03 12:09:12.800290
d2f0815e-fd8d-4b16-ab94-0f0740838ea1,2024-11-28 04:20:26+00:00,2024,11,28,4,3,False,November,Thursday,True,2025-04-03 12:09:12.800830,2025-04-03 12:09:12.800830
5aff942c-8159-4485-b728-857e20e2d8a8,2025-03-28 05:14:34+00:00,2025,3,28,1,4,False,March,Friday,True,2025-04-03 12:09:12.801080,2025-04-03 12:09:12.801080
8d882565-9435-4055-8b42-1724352c93a5,2023-12-18 15:09:19+00:00,2023,12,18,4,0,False,December,Monday,True,2025-04-03 12:09:12.801169,2025-04-03 12:09:12.801169
322862b9-1952-4e7e-b6ec-d75039a1df71,2024-03-13 00:50:30+00:00,2024,3,13,1,2,False,March,Wednesday,True,2025-04-03 12:09:12.801209,2025-04-03 12:09:12.801209
e61a694f-b204-4705-a84e-7d6c9fb9afca,2024-03-25 15:50:35+00:00,2024,3,25,1,0,False,March,Monday,True,2025-04-03 12:09:12.801315,2025-04-03 12:09:12.801315
642b884d-17a1-4252-9ffc-e4b2ce3e3c1d,2024-08-05 13:07:00+00:00,2024,8,5,3,0,False,August,Monday,True,2025-04-03 12:09:12.801443,2025-04-03 12:09:12.801443
8ffdc1e2-483d-446e-974f-84761134da2a,2024-05-28 04:51:43+00:00,2024,5,28,2,1,False,May,Tuesday,True,2025-04-03 12:09:12.801495,2025-04-03 12:09:12.801495
e2e7f2a0-04c3-4ae2-9d84-6492f45bd968,2024-09-24 22:36:47+00:00,2024,9,24,3,1,False,September,Tuesday,True,2025-04-03 12:09:12.801565,2025-04-03 12:09:12.801566
bb2307d8-a974-4496-bf0d-b75295d6d84c,2024-09-22 14:10:56+00:00,2024,9,22,3,6,True,September,Sunday,True,2025-04-03 12:09:12.801715,2025-04-03 12:09:12.801716
f91fd95b-abb3-4f5d-8778-f4237c0de9c9,2025-03-04 05:19:19+00:00,2025,3,4,1,1,False,March,Tuesday,True,2025-04-03 12:09:12.801800,2025-04-03 12:09:12.801800
f08d092d-1a9d-4c47-ab16-11e19f316a49,2023-12-06 18:40:24+00:00,2023,12,6,4,2,False,December,Wednesday,True,2025-04-03 12:09:12.801890,2025-04-03 12:09:12.801890
8e0afae3-028d-496a-a45a-a0be3dbaf194,2024-12-21 13:12:11+00:00,2024,12,21,4,5,True,December,Saturday,True,2025-04-03 12:09:12.802036,2025-04-03 12:09:12.802036
efbd2ab0-dea3-40ef-ae8a-1c562210414e,2024-12-13 17:48:04+00:00,2024,12,13,4,4,False,December,Friday,True,2025-04-03 12:09:12.802172,2025-04-03 12:09:12.802172
9829347a-8c19-4899-889f-606264aebd11,2023-02-13 11:10:06+00:00,2023,2,13,1,0,False,February,Monday,True,2025-04-03 12:09:12.802297,2025-04-03 12:09:12.802297
503efbf0-f789-4df7-a9c5-2439606d7e13,2023-09-01 17:59:20+00:00,2023,9,1,3,4,False,September,Friday,True,2025-04-03 12:09:12.802465,2025-04-03 12:09:12.802465
3d96e981-4b0c-4f46-95e9-344d6ae5ccb9,2023-11-28 06:43:48+00:00,2023,11,28,4,1,False,November,Tuesday,True,2025-04-03 12:09:12.802642,2025-04-03 12:09:12.802642
2e122071-8e6e-4129-b777-970376fa0222,2025-03-12 17:48:46+00:00,2025,3,12,1,2,False,March,Wednesday,True,2025-04-03 12:09:12.802680,2025-04-03 12:09:12.802680
b2806008-b25f-41fd-9518-3aa3f097f452,2024-05-21 04:51:19+00:00,2024,5,21,2,1,False,May,Tuesday,True,2025-04-03 12:09:12.802830,2025-04-03 12:09:12.802830
e4f5f179-3e56-46c1-a14d-7156292a1d5b,2025-01-18 12:38:24+00:00,2025,1,18,1,5,True,January,Saturday,True,2025-04-03 12:09:12.802872,2025-04-03 12:09:12.802872
f82baead-bcf4-451d-94f1-1f5b35b9324c,2024-11-15 13:12:25+00:00,2024,11,15,4,4,False,November,Friday,True,2025-04-03 12:09:12.802964,2025-04-03 12:09:12.802964
cfd1cc51-2818-4060-af41-57f25110c558,2024-10-10 16:37:18+00:00,2024,10,10,4,3,False,October,Thursday,True,2025-04-03 12:09:12.803099,2025-04-03 12:09:12.803099
a5d78ec7-ccc6-4c13-9555-dceb729789d2,2023-10-12 23:53:41+00:00,2023,10,12,4,3,False,October,Thursday,True,2025-04-03 12:09:12.803198,2025-04-03 12:09:12.803198
3374f3ed-0550-4903-9c13-cb8e0111dc69,2024-11-27 13:27:34+00:00,2024,11,27,4,2,False,November,Wednesday,True,2025-04-03 12:09:12.803285,2025-04-03 12:09:12.803285
34270aec-5505-41b5-928b-2c613d4a765f,2024-11-07 12:46:30+00:00,2024,11,7,4,3,False,November,Thursday,True,2025-04-03 12:09:12.803321,2025-04-03 12:09:12.803322
a09b8b1b-c21e-4815-819d-3c73dab66cb6,2025-01-15 04:46:01+00:00,2025,1,15,1,2,False,January,Wednesday,True,2025-04-03 12:09:12.803458,2025-04-03 12:09:12.803458
4d8acc68-e055-4a73-ba66-66aff16074e3,2024-10-11 16:10:11+00:00,2024,10,11,4,4,False,October,Friday,True,2025-04-03 12:09:12.803562,2025-04-03 12:09:12.803563
46ca6077-a1d2-4d42-bd5a-7ec8131cd0d0,2017-12-15 10:49:32+00:00,2017,12,15,4,4,False,December,Friday,True,2025-04-03 12:09:12.803603,2025-04-03 12:09:12.803603
40c4c948-4a65-410e-a501-1685e3c61a77,2023-12-21 07:55:06+00:00,2023,12,21,4,3,False,December,Thursday,True,2025-04-03 12:09:12.803708,2025-04-03 12:09:12.803708
5a3d781e-d092-484b-90ee-58b136d31cc2,2023-09-30 03:26:45+00:00,2023,9,30,3,5,True,September,Saturday,True,2025-04-03 12:09:12.803889,2025-04-03 12:09:12.803889
63d727e3-33cf-4a98-8c32-dadf670a2b0b,2023-01-27 20:06:56+00:00,2023,1,27,1,4,False,January,Friday,True,2025-04-03 12:09:12.803943,2025-04-03 12:09:12.803943
1314c64b-58c8-49ef-adde-df762ccd8d39,2016-06-03 20:39:26+00:00,2016,6,3,2,4,False,June,Friday,True,2025-04-03 12:09:12.803970,2025-04-03 12:09:12.803970
c0f88de3-1a83-46c1-b46b-e8a43baea457,2023-11-24 15:41:21+00:00,2023,11,24,4,4,False,November,Friday,True,2025-04-03 12:09:12.804406,2025-04-03 12:09:12.804406
cb1f18ee-4c81-4e22-94d1-915eb1070cb5,2023-11-17 15:03:11+00:00,2023,11,17,4,4,False,November,Friday,True,2025-04-03 12:09:12.804508,2025-04-03 12:09:12.804508
9c0fc5ac-313e-4409-8460-cc6edae3549b,2024-11-03 13:37:00+00:00,2024,11,3,4,6,True,November,Sunday,True,2025-04-03 12:09:12.804606,2025-04-03 12:09:12.804607
f2fe78fe-2bc1-443a-b232-7de5d7433034,2024-10-29 14:08:16+00:00,2024,10,29,4,1,False,October,Tuesday,True,2025-04-03 12:09:12.804704,2025-04-03 12:09:12.804704
c3008d9c-e57e-4c33-85e2-b2b0f5c03929,2021-11-08 21:21:30+00:00,2021,11,8,4,0,False,November,Monday,True,2025-04-03 12:09:12.805060,2025-04-03 12:09:12.805060
25fc27f8-87a9-46a0-a5b1-071e98eb0f9d,2024-03-12 21:11:19+00:00,2024,3,12,1,1,False,March,Tuesday,True,2025-04-03 12:09:12.805131,2025-04-03 12:09:12.805131
eba37396-ae33-4b7d-8739-83944e3f8105,2024-06-06 10:10:29+00:00,2024,6,6,2,3,False,June,Thursday,True,2025-04-03 12:09:12.805177,2025-04-03 12:09:12.805177
d9e6d15f-d4cb-4c35-9b6c-5da41e4e0271,2016-02-11 19:14:20+00:00,2016,2,11,1,3,False,February,Thursday,True,2025-04-03 12:09:12.805256,2025-04-03 12:09:12.805256
55974607-f9bc-4b36-ac7e-3feb9d3bd858,2024-05-07 07:01:09+00:00,2024,5,7,2,1,False,May,Tuesday,True,2025-04-03 12:09:12.805446,2025-04-03 12:09:12.805446
de7839a4-b496-4731-a7f5-dfb43ef30138,2024-09-21 11:46:50+00:00,2024,9,21,3,5,True,September,Saturday,True,2025-04-03 12:09:12.805510,2025-04-03 12:09:12.805511
8372bbc3-eeb7-4018-b746-af93815c8471,2024-04-24 19:03:24+00:00,2024,4,24,2,2,False,April,Wednesday,True,2025-04-03 12:09:12.805570,2025-04-03 12:09:12.805570
eb7d0a22-5dde-4f53-be41-89dc965dec63,2025-02-04 16:10:43+00:00,2025,2,4,1,1,False,February,Tuesday,True,2025-04-03 12:09:12.805629,2025-04-03 12:09:12.805629
76c311ef-1da7-4307-a7ef-26087d3145de,2024-09-18 14:48:38+00:00,2024,9,18,3,2,False,September,Wednesday,True,2025-04-03 12:09:12.805814,2025-04-03 12:09:12.805815
cb5fde7f-d939-4cb1-b3d3-d0c9727bebde,2024-09-19 01:02:16+00:00,2024,9,19,3,3,False,September,Thursday,True,2025-04-03 12:09:12.805932,2025-04-03 12:09:12.805932
7a4885ef-99fb-4e92-939e-77af156e7869,2024-03-15 15:31:24+00:00,2024,3,15,1,4,False,March,Friday,True,2025-04-03 12:09:12.806124,2025-04-03 12:09:12.806124
3429d05b-910e-468c-b904-ede1cbec58a4,2024-11-06 15:45:42+00:00,2024,11,6,4,2,False,November,Wednesday,True,2025-04-03 12:09:12.806279,2025-04-03 12:09:12.806279
d75ad7e7-64e2-4689-9f52-1d393dd4651e,2024-02-29 19:33:06+00:00,2024,2,29,1,3,False,February,Thursday,True,2025-04-03 12:09:12.806299,2025-04-03 12:09:12.806300
0d41f486-6a69-4323-968e-8c7c88e9ed38,2021-06-24 15:22:50+00:00,2021,6,24,2,3,False,June,Thursday,True,2025-04-03 12:09:12.806422,2025-04-03 12:09:12.806422
2500fd7a-0830-4c2d-8fda-3543481204e4,2024-12-14 12:28:55+00:00,2024,12,14,4,5,True,December,Saturday,True,2025-04-03 12:09:12.806520,2025-04-03 12:09:12.806521
9ecd7f03-7900-4cc0-9fa5-a25b8b032337,2024-04-18 06:43:15+00:00,2024,4,18,2,3,False,April,Thursday,True,2025-04-03 12:09:12.806585,2025-04-03 12:09:12.806585
9b7e545e-20ea-4414-9fe3-badbed1f15fd,2024-11-16 12:43:05+00:00,2024,11,16,4,5,True,November,Saturday,True,2025-04-03 12:09:12.806643,2025-04-03 12:09:12.806643
84230f54-e4a3-4cb0-9d75-34d05331c9b1,2024-10-02 16:34:06+00:00,2024,10,2,4,2,False,October,Wednesday,True,2025-04-03 12:09:12.806745,2025-04-03 12:09:12.806745
56c25b7e-deda-4e0c-8c76-f5c0c4dbb588,2024-10-25 13:37:36+00:00,2024,10,25,4,4,False,October,Friday,True,2025-04-03 12:09:12.806854,2025-04-03 12:09:12.806854
54276fea-4df6-443b-8067-e80821b1c35e,2024-11-30 05:32:15+00:00,2024,11,30,4,5,True,November,Saturday,True,2025-04-03 12:09:12.806874,2025-04-03 12:09:12.806874
8f15c36e-0ade-4126-9295-287f01c22acd,2023-09-25 03:51:55+00:00,2023,9,25,3,0,False,September,Monday,True,2025-04-03 12:09:12.806936,2025-04-03 12:09:12.806936
dda74e7d-0a0d-41c4-bec5-04e6d7f1f10d,2023-02-27 11:17:00+00:00,2023,2,27,1,0,False,February,Monday,True,2025-04-03 12:09:12.807140,2025-04-03 12:09:12.807140
dd65e69f-f77e-499e-8966-af83bd8937df,2020-12-04 19:18:14+00:00,2020,12,4,4,4,False,December,Friday,True,2025-04-03 12:09:12.807198,2025-04-03 12:09:12.807198
daae4012-c31a-4690-909b-7fab37da388f,2025-01-22 23:45:04+00:00,2025,1,22,1,2,False,January,Wednesday,True,2025-04-03 12:09:12.807336,2025-04-03 12:09:12.807336
d000e37c-67df-487e-88dc-7015734f56f7,2023-11-23 20:52:31+00:00,2023,11,23,4,3,False,November,Thursday,True,2025-04-03 12:09:12.807427,2025-04-03 12:09:12.807427
214cd1db-8b0d-4f23-86cd-d96b1f7a4778,2025-01-29 15:56:55+00:00,2025,1,29,1,2,False,January,Wednesday,True,2025-04-03 12:09:12.807558,2025-04-03 12:09:12.807558
e16f92eb-e56c-4a69-b05b-6013fb17243d,2025-02-26 09:42:33+00:00,2025,2,26,1,2,False,February,Wednesday,True,2025-04-03 12:09:12.807858,2025-04-03 12:09:12.807859
a80c737f-472e-43b4-8d5a-9aa27cd9e76d,2022-12-09 03:19:05+00:00,2022,12,9,4,4,False,December,Friday,True,2025-04-03 12:09:12.807932,2025-04-03 12:09:12.807932
37e8f022-394e-4f6b-9e1f-b38fd404183c,2020-08-05 21:16:27+00:00,2020,8,5,3,2,False,August,Wednesday,True,2025-04-03 12:09:12.808106,2025-04-03 12:09:12.808106
81abe670-ffa2-4af1-b7d5-521c269f343b,2024-07-26 14:56:52+00:00,2024,7,26,3,4,False,July,Friday,True,2025-04-03 12:09:12.808189,2025-04-03 12:09:12.808189
af59bfe1-c39f-4682-b086-8c7ed01a449b,2024-03-19 21:10:47+00:00,2024,3,19,1,1,False,March,Tuesday,True,2025-04-03 12:09:12.808247,2025-04-03 12:09:12.808247
a51e5fe5-b7e2-478d-a4d2-acf32f0b000d,2023-01-04 17:29:44+00:00,2023,1,4,1,2,False,January,Wednesday,True,2025-04-03 12:09:12.808292,2025-04-03 12:09:12.808292
46867f02-7ae0-4f13-b9e9-4ff5c6b73ddc,2025-02-11 07:47:20+00:00,2025,2,11,1,1,False,February,Tuesday,True,2025-04-03 12:09:12.808328,2025-04-03 12:09:12.808328
8bbfd62a-0365-43b1-abdf-6dbb2756f4c5,2017-04-08 15:16:04+00:00,2017,4,8,2,5,True,April,Saturday,True,2025-04-03 12:09:12.808490,2025-04-03 12:09:12.808490
d2695e02-3021-42ca-b821-4d37df916c0f,2023-02-28 20:12:24+00:00,2023,2,28,1,1,False,February,Tuesday,True,2025-04-03 12:09:12.808551,2025-04-03 12:09:12.808551
eb4a83d9-a0c8-47c2-a234-6223acc96e16,2025-03-18 13:11:17+00:00,2025,3,18,1,1,False,March,Tuesday,True,2025-04-03 12:09:12.808593,2025-04-03 12:09:12.808593
3a3ec6c6-6adb-41cd-b4b9-f4e413bf7931,2017-05-17 19:30:48+00:00,2017,5,17,2,2,False,May,Wednesday,True,2025-04-03 12:09:12.808737,2025-04-03 12:09:12.808737
a4615784-04e7-495c-9b4c-32aa5650d85a,2023-04-17 19:06:06+00:00,2023,4,17,2,0,False,April,Monday,True,2025-04-03 12:09:12.808804,2025-04-03 12:09:12.808804
be5f857c-e662-4651-8b20-44cd2b336f82,2024-12-18 12:39:10+00:00,2024,12,18,4,2,False,December,Wednesday,True,2025-04-03 12:09:12.808921,2025-04-03 12:09:12.808921
37ba515d-f8d3-4ac5-a7dd-2aee1c3f00ba,2024-08-07 13:08:58+00:00,2024,8,7,3,2,False,August,Wednesday,True,2025-04-03 12:09:12.808998,2025-04-03 12:09:12.808998
8484a1f6-5f05-49dd-bfc0-6c50030bee5e,2023-10-16 00:36:20+00:00,2023,10,16,4,0,False,October,Monday,True,2025-04-03 12:09:12.809078,2025-04-03 12:09:12.809079
b6be0f68-ae6f-4ded-97d4-a4b0c3ead1c8,2024-04-12 14:47:44+00:00,2024,4,12,2,4,False,April,Friday,True,2025-04-03 12:09:12.809207,2025-04-03 12:09:12.809207
a832504a-498d-4d8f-a9e2-b0faf26ed5d0,2025-03-08 12:40:54+00:00,2025,3,8,1,5,True,March,Saturday,True,2025-04-03 12:09:12.809314,2025-04-03 12:09:12.809314
2e2783f9-15f2-49a4-9014-5c601e7e1955,2024-11-12 21:37:25+00:00,2024,11,12,4,1,False,November,Tuesday,True,2025-04-03 12:09:12.809371,2025-04-03 12:09:12.809371
51e3955a-27bc-4096-9668-1698e9ddcb9d,2019-03-05 16:25:49+00:00,2019,3,5,1,1,False,March,Tuesday,True,2025-04-03 12:09:12.809575,2025-04-03 12:09:12.809575
2ef0b2d4-ed9a-47c0-80a8-6bb4260e1ab6,2024-05-10 14:45:25+00:00,2024,5,10,2,4,False,May,Friday,True,2025-04-03 12:09:12.809639,2025-04-03 12:09:12.809639
4abf986e-88bf-47f5-b7fe-4e33210c0658,2024-08-06 07:47:19+00:00,2024,8,6,3,1,False,August,Tuesday,True,2025-04-03 12:09:12.809662,2025-04-03 12:09:12.809662
5d79475c-43aa-4102-834a-da61ed2ac388,2024-05-13 21:06:05+00:00,2024,5,13,2,0,False,May,Monday,True,2025-04-03 12:09:12.809774,2025-04-03 12:09:12.809774
0c57d3ff-dffc-4f91-9ac7-13a9d04b5647,2023-03-08 11:19:22+00:00,2023,3,8,1,2,False,March,Wednesday,True,2025-04-03 12:09:12.809802,2025-04-03 12:09:12.809802
11b129dc-fe47-4b69-b6e1-ebb96f232a9b,2024-07-12 20:26:27+00:00,2024,7,12,3,4,False,July,Friday,True,2025-04-03 12:09:12.809871,2025-04-03 12:09:12.809871
516287c0-9a5b-4e5f-a2ef-1b939c3b77f8,2024-11-09 07:39:32+00:00,2024,11,9,4,5,True,November,Saturday,True,2025-04-03 12:09:12.809930,2025-04-03 12:09:12.809930
31ad9f82-faa9-4df7-ae0a-7591361ed77c,2023-07-23 00:26:38+00:00,2023,7,23,3,6,True,July,Sunday,True,2025-04-03 12:09:12.810054,2025-04-03 12:09:12.810054
b21f0606-c1f5-4ae2-a969-c5e9a0d6a073,2016-03-14 17:44:38+00:00,2016,3,14,1,0,False,March,Monday,True,2025-04-03 12:09:12.810171,2025-04-03 12:09:12.810171
24b51091-e617-4f4c-8601-3241aa97b7df,2019-04-28 13:46:26+00:00,2019,4,28,2,6,True,April,Sunday,True,2025-04-03 12:09:12.810257,2025-04-03 12:09:12.810257
790eb27c-5991-4345-b764-9cef6fab654e,2023-04-27 12:54:41+00:00,2023,4,27,2,3,False,April,Thursday,True,2025-04-03 12:09:12.810608,2025-04-03 12:09:12.810608
8f3fec89-40b0-47bf-a17b-8bbbbda56ee1,2022-10-31 22:03:52+00:00,2022,10,31,4,0,False,October,Monday,True,2025-04-03 12:09:12.810701,2025-04-03 12:09:12.810701
52d0adb3-13d7-4ccc-9200-055f318ba046,2020-08-20 21:37:30+00:00,2020,8,20,3,3,False,August,Thursday,True,2025-04-03 12:09:12.810967,2025-04-03 12:09:12.810968
e60e3933-43e4-4aeb-bba2-8689489e5e33,2023-12-19 04:12:48+00:00,2023,12,19,4,1,False,December,Tuesday,True,2025-04-03 12:09:12.811062,2025-04-03 12:09:12.811062
78d343df-97fe-46a8-b220-c11419334df9,2024-11-26 19:02:02+00:00,2024,11,26,4,1,False,November,Tuesday,True,2025-04-03 12:09:12.811185,2025-04-03 12:09:12.811185
0391d0ed-c0b5-4b38-a80b-2e4cdb037c23,2024-12-04 21:12:30+00:00,2024,12,4,4,2,False,December,Wednesday,True,2025-04-03 12:09:12.811426,2025-04-03 12:09:12.811427
43ecfc85-ad0d-4124-9d4a-827d619f404b,2023-07-27 16:45:28+00:00,2023,7,27,3,3,False,July,Thursday,True,2025-04-03 12:09:12.811520,2025-04-03 12:09:12.811520
3252e9b3-d700-4356-a301-536de54f4cc9,2023-12-22 04:05:29+00:00,2023,12,22,4,4,False,December,Friday,True,2025-04-03 12:09:12.811721,2025-04-03 12:09:12.811721
0bfc9ba4-51ad-4781-ad05-585b2dbb0f7a,2023-06-11 06:34:30+00:00,2023,6,11,2,6,True,June,Sunday,True,2025-04-03 12:09:12.811838,2025-04-03 12:09:12.811839
d8f54de9-7686-4035-9d80-f74a18cee7eb,2025-01-08 15:08:54+00:00,2025,1,8,1,2,False,January,Wednesday,True,2025-04-03 12:09:12.812251,2025-04-03 12:09:12.812251
7c9a5908-90ce-4d9f-839c-bc4eeb26a530,2023-11-27 23:41:18+00:00,2023,11,27,4,0,False,November,Monday,True,2025-04-03 12:09:12.812343,2025-04-03 12:09:12.812343
1133bb06-c820-4322-af77-b53cca0f47a4,2024-03-07 18:07:29+00:00,2024,3,7,1,3,False,March,Thursday,True,2025-04-03 12:09:12.812720,2025-04-03 12:09:12.812720
8f38db99-7fba-4ecd-b0cf-5ccc7bd37fbe,2024-04-23 19:56:21+00:00,2024,4,23,2,1,False,April,Tuesday,True,2025-04-03 12:09:12.812766,2025-04-03 12:09:12.812767
6be836a9-d2d5-4f11-bf94-c0288a6342f5,2025-02-25 02:56:40+00:00,2025,2,25,1,1,False,February,Tuesday,True,2025-04-03 12:09:12.812926,2025-04-03 12:09:12.812927
0f5bf1be-7b85-4501-a54e-c94eb00b8168,2024-10-13 15:08:25+00:00,2024,10,13,4,6,True,October,Sunday,True,2025-04-03 12:09:12.813031,2025-04-03 12:09:12.813031
8b368079-f069-437f-a7a8-ec6eb764bc00,2024-09-23 13:28:58+00:00,2024,9,23,3,0,False,September,Monday,True,2025-04-03 12:09:12.813111,2025-04-03 12:09:12.813111
4074c3c7-aca0-4648-9552-a6a9f2190d43,2023-10-19 13:39:25+00:00,2023,10,19,4,3,False,October,Thursday,True,2025-04-03 12:09:12.813178,2025-04-03 12:09:12.813179
309a4fe5-d538-48f4-be3c-51096a241ff4,2023-07-31 20:47:10+00:00,2023,7,31,3,0,False,July,Monday,True,2025-04-03 12:09:12.813548,2025-04-03 12:09:12.813548
04d950bf-a905-46ba-8aee-3e1745bf6d5e,2024-10-20 15:00:37+00:00,2024,10,20,4,6,True,October,Sunday,True,2025-04-03 12:09:12.813800,2025-04-03 12:09:12.813800
86170570-0a5a-4188-9079-52eec1be805b,2025-01-07 21:23:42+00:00,2025,1,7,1,1,False,January,Tuesday,True,2025-04-03 12:09:12.813889,2025-04-03 12:09:12.813889
05eef3c4-d74d-483f-ac75-8d3c95139264,2023-07-21 08:31:41+00:00,2023,7,21,3,4,False,July,Friday,True,2025-04-03 12:09:12.814851,2025-04-03 12:09:12.814851
5fcc62ef-ec80-4b1b-8b19-66cd961cb968,2019-01-27 14:58:22+00:00,2019,1,27,1,6,True,January,Sunday,True,2025-04-03 12:09:12.815905,2025-04-03 12:09:12.815905
898b4256-6dd5-49f7-98f0-bed08413005e,2024-12-27 12:37:11+00:00,2024,12,27,4,4,False,December,Friday,True,2025-04-03 12:09:12.816746,2025-04-03 12:09:12.816747
dec8ebfa-2ee0-4a6f-89c6-3bd33dce5cf6,2023-06-29 06:12:36+00:00,2023,6,29,2,3,False,June,Thursday,True,2025-04-03 12:09:12.816888,2025-04-03 12:09:12.816888
8242afa7-90b8-42ac-93c7-9f598b06a05c,2023-09-03 10:21:53+00:00,2023,9,3,3,6,True,September,Sunday,True,2025-04-03 12:09:12.816923,2025-04-03 12:09:12.816923
8a34e3d0-57cb-474c-8d72-85e869863bb6,2024-05-04 03:10:47+00:00,2024,5,4,2,5,True,May,Saturday,True,2025-04-03 12:09:12.817035,2025-04-03 12:09:12.817035
f93f9ef7-8e2e-42f6-b862-607b9f7317b7,2023-03-12 23:16:34+00:00,2023,3,12,1,6,True,March,Sunday,True,2025-04-03 12:09:12.817074,2025-04-03 12:09:12.817075
731576f2-d7c9-4c0e-a3d3-5dd2af4423db,2019-01-30 21:07:05+00:00,2019,1,30,1,2,False,January,Wednesday,True,2025-04-03 12:09:12.817160,2025-04-03 12:09:12.817160
d763d058-18d8-4918-8f1d-57b195d52d61,2024-01-07 20:28:25+00:00,2024,1,7,1,6,True,January,Sunday,True,2025-04-03 12:09:12.817251,2025-04-03 12:09:12.817252
42bbc3a5-bdfe-482e-b6fc-4c8513829834,2023-09-23 13:04:41+00:00,2023,9,23,3,5,True,September,Saturday,True,2025-04-03 12:09:12.817329,2025-04-03 12:09:12.817329
4584366f-b3f6-479c-89d9-f0b5207c8e24,2025-01-04 02:43:53+00:00,2025,1,4,1,5,True,January,Saturday,True,2025-04-03 12:09:12.817354,2025-04-03 12:09:12.817354
5c097eda-889b-4152-927d-54c1cd6435b8,2022-12-01 21:36:06+00:00,2022,12,1,4,3,False,December,Thursday,True,2025-04-03 12:09:12.817410,2025-04-03 12:09:12.817410
8698b271-c54b-43f4-bce4-74daf24627b5,2020-10-02 14:02:58+00:00,2020,10,2,4,4,False,October,Friday,True,2025-04-03 12:09:12.817482,2025-04-03 12:09:12.817483
2199a4ab-6094-4fa0-bfc6-925808fc8d38,2023-02-11 17:28:59+00:00,2023,2,11,1,5,True,February,Saturday,True,2025-04-03 12:09:12.817563,2025-04-03 12:09:12.817564
9adaca56-ffa1-4205-9f94-3f3143266110,2023-02-06 05:19:00+00:00,2023,2,6,1,0,False,February,Monday,True,2025-04-03 12:09:12.817587,2025-04-03 12:09:12.817587
88db7f93-9ce4-47ba-8a92-06f2039dbee5,2020-08-18 21:24:47+00:00,2020,8,18,3,1,False,August,Tuesday,True,2025-04-03 12:09:12.817776,2025-04-03 12:09:12.817776
69baa6ea-6a01-4b2e-b2c5-6f5964c066bb,2024-03-14 00:00:51+00:00,2024,3,14,1,3,False,March,Thursday,True,2025-04-03 12:09:12.817847,2025-04-03 12:09:12.817847
0f128f25-2b74-4e9d-9337-fd3fe230c9b7,2018-10-15 11:20:34+00:00,2018,10,15,4,0,False,October,Monday,True,2025-04-03 12:09:12.817897,2025-04-03 12:09:12.817898
bcfe8a82-6995-45bc-b862-94fcd3eea408,2022-12-12 19:20:22+00:00,2022,12,12,4,0,False,December,Monday,True,2025-04-03 12:09:12.817963,2025-04-03 12:09:12.817963
78cadd13-4bbc-47f1-8ec1-ae41c23ab453,2016-10-11 15:02:00+00:00,2016,10,11,4,1,False,October,Tuesday,True,2025-04-03 12:09:12.818105,2025-04-03 12:09:12.818105
e389f0f9-61cc-4439-b4ae-c1ac569465cb,2023-08-17 07:31:49+00:00,2023,8,17,3,3,False,August,Thursday,True,2025-04-03 12:09:12.818238,2025-04-03 12:09:12.818238
33d0cf55-695f-4353-b3fe-c59a36d4f939,2023-11-14 15:03:11+00:00,2023,11,14,4,1,False,November,Tuesday,True,2025-04-03 12:09:12.818258,2025-04-03 12:09:12.818259
7192e8eb-c1cb-463b-8570-62b4242ce4f2,2023-06-03 16:21:23+00:00,2023,6,3,2,5,True,June,Saturday,True,2025-04-03 12:09:12.818405,2025-04-03 12:09:12.818405
a4ebc269-bce3-4199-8284-84ff53430b04,2023-11-19 21:10:57+00:00,2023,11,19,4,6,True,November,Sunday,True,2025-04-03 12:09:12.818429,2025-04-03 12:09:12.818429
b79a6897-4a98-4591-a195-3b5ee411f831,2024-11-29 00:50:33+00:00,2024,11,29,4,4,False,November,Friday,True,2025-04-03 12:09:12.818449,2025-04-03 12:09:12.818449
01ec181b-9627-417e-afa2-477c5947a1a4,2023-06-17 19:16:11+00:00,2023,6,17,2,5,True,June,Saturday,True,2025-04-03 12:09:12.818542,2025-04-03 12:09:12.818542
f5921386-5b33-4c5a-9707-b0a0605f3e05,2024-12-24 16:19:12+00:00,2024,12,24,4,1,False,December,Tuesday,True,2025-04-03 12:09:12.818622,2025-04-03 12:09:12.818623
6e92af65-d415-4fb1-bc40-e00e405338f9,2025-02-23 16:17:24+00:00,2025,2,23,1,6,True,February,Sunday,True,2025-04-03 12:09:12.818692,2025-04-03 12:09:12.818692
55ea8b99-2fdf-416e-afc1-cbbe346f7686,2023-08-23 21:10:57+00:00,2023,8,23,3,2,False,August,Wednesday,True,2025-04-03 12:09:12.818850,2025-04-03 12:09:12.818850
938d4e8a-ce60-45ef-8d6d-9ccc41ef7503,2024-05-09 07:53:48+00:00,2024,5,9,2,3,False,May,Thursday,True,2025-04-03 12:09:12.818877,2025-04-03 12:09:12.818877
25a06df9-d238-4a89-b81f-c700ba67e8e8,2023-05-01 20:22:13+00:00,2023,5,1,2,0,False,May,Monday,True,2025-04-03 12:09:12.818910,2025-04-03 12:09:12.818910
0c1169a3-de6e-4a11-8413-66eec8373677,2024-04-09 23:30:46+00:00,2024,4,9,2,1,False,April,Tuesday,True,2025-04-03 12:09:12.818931,2025-04-03 12:09:12.818931
9a8d2cb8-8114-40e8-ae4b-5d0ec26d21e8,2024-12-07 18:18:39+00:00,2024,12,7,4,5,True,December,Saturday,True,2025-04-03 12:09:12.819153,2025-04-03 12:09:12.819153
d49e5eb6-35aa-4e42-95a5-279fa6f11c46,2021-09-22 18:10:45+00:00,2021,9,22,3,2,False,September,Wednesday,True,2025-04-03 12:09:12.819399,2025-04-03 12:09:12.819400
4f406e63-7c8c-4572-825d-0ebc82ba1403,2023-01-15 20:07:30+00:00,2023,1,15,1,6,True,January,Sunday,True,2025-04-03 12:09:12.819497,2025-04-03 12:09:12.819497
043c718d-b417-4988-a3d0-71d1ee425f54,2023-04-16 20:13:29+00:00,2023,4,16,2,6,True,April,Sunday,True,2025-04-03 12:09:12.819541,2025-04-03 12:09:12.819541
7a9029cf-107f-4035-839a-e939cfcc4619,2025-02-14 23:52:43+00:00,2025,2,14,1,4,False,February,Friday,True,2025-04-03 12:09:12.819611,2025-04-03 12:09:12.819612
097f954b-480f-452a-ae3f-212f539473d8,2024-04-10 08:21:22+00:00,2024,4,10,2,2,False,April,Wednesday,True,2025-04-03 12:09:12.819638,2025-04-03 12:09:12.819638
e3336b1d-280b-453f-a135-5760408235fa,2018-08-31 23:54:39+00:00,2018,8,31,3,4,False,August,Friday,True,2025-04-03 12:09:12.819932,2025-04-03 12:09:12.819932
e8e9b3d7-487c-4c24-b5ec-8f154d24d581,2024-09-15 12:54:45+00:00,2024,9,15,3,6,True,September,Sunday,True,2025-04-03 12:09:12.820057,2025-04-03 12:09:12.820057
e3ea122d-6d96-4e5c-8ca6-0bc6477594ea,2024-12-05 23:22:42+00:00,2024,12,5,4,3,False,December,Thursday,True,2025-04-03 12:09:12.820085,2025-04-03 12:09:12.820085
6b906927-2506-43e1-9ee1-bf3fcde83597,2021-04-30 14:34:48+00:00,2021,4,30,2,4,False,April,Friday,True,2025-04-03 12:09:12.820145,2025-04-03 12:09:12.820145
1936ad07-689a-4c74-9c61-4f29f1a02ea1,2023-01-13 23:08:22+00:00,2023,1,13,1,4,False,January,Friday,True,2025-04-03 12:09:12.820214,2025-04-03 12:09:12.820214
c37598db-90ed-449e-b272-72c3d5bf212e,2022-11-17 01:13:00+00:00,2022,11,17,4,3,False,November,Thursday,True,2025-04-03 12:09:12.820240,2025-04-03 12:09:12.820241
2d2cf90b-3c9a-4953-aebe-8711195b249f,2023-04-25 21:30:34+00:00,2023,4,25,2,1,False,April,Tuesday,True,2025-04-03 12:09:12.820339,2025-04-03 12:09:12.820339
7976137b-5a5b-4bd9-b7b4-16a244a57c12,2023-05-06 12:43:44+00:00,2023,5,6,2,5,True,May,Saturday,True,2025-04-03 12:09:12.820438,2025-04-03 12:09:12.820439
91cf9f67-fc33-4ef8-a605-6b34e6445473,2024-04-07 11:40:32+00:00,2024,4,7,2,6,True,April,Sunday,True,2025-04-03 12:09:12.820562,2025-04-03 12:09:12.820562
99b7434e-8f37-459a-a8b9-5340cb59f978,2025-01-09 13:14:27+00:00,2025,1,9,1,3,False,January,Thursday,True,2025-04-03 12:09:12.820611,2025-04-03 12:09:12.820612
5f372e7f-0711-43db-b741-da34eb2843ef,2024-06-10 19:21:00+00:00,2024,6,10,2,0,False,June,Monday,True,2025-04-03 12:09:12.820648,2025-04-03 12:09:12.820648
c7b9d418-0f19-4ef7-9f54-1ae8ae076766,2020-08-10 20:54:41+00:00,2020,8,10,3,0,False,August,Monday,True,2025-04-03 12:09:12.820687,2025-04-03 12:09:12.820688
f7eb272b-e644-4df1-981e-b4c1c1ff4c58,2024-04-01 17:04:34+00:00,2024,4,1,2,0,False,April,Monday,True,2025-04-03 12:09:12.820859,2025-04-03 12:09:12.820859
826fbdd2-0ac2-4f64-9dca-3c52363b02c2,2024-09-27 15:39:24+00:00,2024,9,27,3,4,False,September,Friday,True,2025-04-03 12:09:12.821268,2025-04-03 12:09:12.821268
ace27272-32c0-4cd0-a68a-e52d5beaa30a,2024-10-31 04:31:59+00:00,2024,10,31,4,3,False,October,Thursday,True,2025-04-03 12:09:12.821308,2025-04-03 12:09:12.821309
2819a1e3-3746-4204-8b48-f17a5a7812ed,2025-01-10 20:50:45+00:00,2025,1,10,1,4,False,January,Friday,True,2025-04-03 12:09:12.821359,2025-04-03 12:09:12.821359
60d87859-f1ab-449e-bb5b-4dfab2aee2af,2024-02-22 17:24:15+00:00,2024,2,22,1,3,False,February,Thursday,True,2025-04-03 12:09:12.821538,2025-04-03 12:09:12.821538
e74ecc49-f835-4d94-809c-3f0e189e6e80,2021-11-16 15:40:43+00:00,2021,11,16,4,1,False,November,Tuesday,True,2025-04-03 12:09:12.821773,2025-04-03 12:09:12.821773
df58ba53-a951-4a00-a3ca-9ef40bb91eca,2024-06-28 16:21:17+00:00,2024,6,28,2,4,False,June,Friday,True,2025-04-03 12:09:12.822070,2025-04-03 12:09:12.822070
69943c31-d4fa-4035-ac90-85c6efba6045,2025-02-13 12:22:41+00:00,2025,2,13,1,3,False,February,Thursday,True,2025-04-03 12:09:12.822103,2025-04-03 12:09:12.822103
70c0e0bb-da66-4be2-8966-ed379104a7c9,2023-07-03 22:06:27+00:00,2023,7,3,3,0,False,July,Monday,True,2025-04-03 12:09:12.822140,2025-04-03 12:09:12.822140
e61e062e-934f-4086-8aed-3c93cc496d0b,2021-04-13 15:13:44+00:00,2021,4,13,2,1,False,April,Tuesday,True,2025-04-03 12:09:12.822430,2025-04-03 12:09:12.822430
26e8ab16-f336-4a4f-bbf7-c115dbb867f7,2024-10-23 13:37:34+00:00,2024,10,23,4,2,False,October,Wednesday,True,2025-04-03 12:09:12.822522,2025-04-03 12:09:12.822522
