id,product_id,listing_strategy_code,listing_strategy_name,exclusive,is_active,created_at,updated_at
dc2b7c48-044f-4688-9d87-e610d59cdef1,MLA30109886,catalog_required,Catalog_Required,False,True,2025-04-03 12:09:12.783614,2025-04-03 12:09:12.783615
1c66588c-3f07-432b-9dd0-5db31264519b,MLA27534806,catalog_required,Catalog_Required,False,True,2025-04-03 12:09:12.783810,2025-04-03 12:09:12.783810
ce180f08-6e54-4e69-ace9-f8d48bebd389,MLA36344214,catalog_required,Catalog_Required,False,True,2025-04-03 12:09:12.784123,2025-04-03 12:09:12.784128
7f7963ab-cb80-4285-abc4-828d170579d4,MLA21615680,catalog_required,Catalog_Required,False,True,2025-04-03 12:09:12.784794,2025-04-03 12:09:12.784795
4eef63e6-2e32-47c0-8299-5914a0dc47a2,MLA19971472,catalog_required,Catalog_Required,False,True,2025-04-03 12:09:12.785577,2025-04-03 12:09:12.785578
8b5d3f0d-a14b-4ff3-aebb-f9f49538a518,MLA37174404,catalog_required,Catalog_Required,False,True,2025-04-03 12:09:12.786748,2025-04-03 12:09:12.786748
fe319e83-20b2-4ea7-afbe-35e0ba58b453,MLA34185746,catalog_required,Catalog_Required,False,True,2025-04-03 12:09:12.786875,2025-04-03 12:09:12.786880
e223b64c-6c5a-4031-b49f-65820edddc02,MLA28796813,catalog_required,Catalog_Required,False,True,2025-04-03 12:09:12.787156,2025-04-03 12:09:12.787161
dd852c0f-f356-4667-85c7-646996948b39,MLA40203817,catalog_required,Catalog_Required,False,True,2025-04-03 12:09:12.787340,2025-04-03 12:09:12.787341
14a8d9a8-3d38-4e7b-987a-34061c662c56,MLA34077578,catalog_required,Catalog_Required,False,True,2025-04-03 12:09:12.787549,2025-04-03 12:09:12.787549
d00bed4b-ebab-4ec3-9efd-068c5e3a6f1c,MLA26953032,catalog_required,Catalog_Required,False,True,2025-04-03 12:09:12.788198,2025-04-03 12:09:12.788199
5d40183f-2fbb-4fab-b9c0-deefbe7a05ac,MLA25208906,catalog_required,Catalog_Required,False,True,2025-04-03 12:09:12.788401,2025-04-03 12:09:12.788401
413f5e54-0747-4f88-abae-c82bd3302a15,MLA6304839,catalog_required,Catalog_Required,False,True,2025-04-03 12:09:12.788583,2025-04-03 12:09:12.788589
f7607ed8-8ac1-47c2-b481-7d0e610786b2,MLA21148211,catalog_required,Catalog_Required,False,True,2025-04-03 12:09:12.789230,2025-04-03 12:09:12.789230
9620a0e4-481c-4b9a-b55c-c5f2b1d3c67d,MLA23298505,catalog_required,Catalog_Required,False,True,2025-04-03 12:09:12.789439,2025-04-03 12:09:12.789444
ecab2938-fa87-456e-a957-fb6532927862,MLA29761568,catalog_required,Catalog_Required,False,True,2025-04-03 12:09:12.790169,2025-04-03 12:09:12.790170
279208a5-fe75-4aa5-bff9-d2b5c057f998,MLA42167579,catalog_required,Catalog_Required,False,True,2025-04-03 12:09:12.790295,2025-04-03 12:09:12.790295
30fbd11e-bf45-4b7a-80c6-e789f2610b5d,MLA36289974,catalog_required,Catalog_Required,False,True,2025-04-03 12:09:12.790724,2025-04-03 12:09:12.790724
b33f16b9-c306-42df-8bea-5d2512a72486,MLA45968959,catalog_required,Catalog_Required,False,True,2025-04-03 12:09:12.791240,2025-04-03 12:09:12.791241
41c6878f-595b-4755-a745-2223dd9b98a8,MLA24266840,catalog_required,Catalog_Required,False,True,2025-04-03 12:09:12.791946,2025-04-03 12:09:12.791946
0e0ddbcc-5483-4948-8e77-df233a71cc1e,MLA20053803,catalog_required,Catalog_Required,False,True,2025-04-03 12:09:12.792372,2025-04-03 12:09:12.792372
b0929898-7a04-4576-b50b-ba3f4c86b028,MLA37201577,catalog_required,Catalog_Required,False,True,2025-04-03 12:09:12.792444,2025-04-03 12:09:12.792444
43650aa0-5e25-479d-85d9-7e57e84a2eca,MLA25208932,catalog_required,Catalog_Required,False,True,2025-04-03 12:09:12.792490,2025-04-03 12:09:12.792491
7d03ef44-4fe4-4705-a6f9-ef5b1f8e2d61,MLA19862210,catalog_required,Catalog_Required,False,True,2025-04-03 12:09:12.792568,2025-04-03 12:09:12.792568
11d1076a-85e2-416a-861b-4d9cceee11aa,MLA21560522,catalog_required,Catalog_Required,False,True,2025-04-03 12:09:12.792631,2025-04-03 12:09:12.792631
94800bb0-aafb-4dd1-93c9-9c26a2b4b982,MLA16233186,catalog_required,Catalog_Required,False,True,2025-04-03 12:09:12.792731,2025-04-03 12:09:12.792732
128e8e98-5f91-48dc-9d7b-f689d0b54925,MLA42186257,catalog_required,Catalog_Required,False,True,2025-04-03 12:09:12.792939,2025-04-03 12:09:12.792939
29e013f4-12a0-4a80-b2a0-b95016e98a8b,MLA45025509,catalog_required,Catalog_Required,False,True,2025-04-03 12:09:12.793074,2025-04-03 12:09:12.793074
fb303195-98a3-4308-8d83-a9a1dcdf39a5,MLA45199143,catalog_required,Catalog_Required,False,True,2025-04-03 12:09:12.793186,2025-04-03 12:09:12.793186
8ad3b93a-da44-4a1a-af63-4437779a432b,MLA22826595,catalog_required,Catalog_Required,False,True,2025-04-03 12:09:12.793318,2025-04-03 12:09:12.793318
44bba1a7-6f8c-425a-82b6-b5a628635424,MLA36633513,catalog_required,Catalog_Required,False,True,2025-04-03 12:09:12.793370,2025-04-03 12:09:12.793370
6759329d-0e71-4588-aa06-52cc5eda4073,MLA42977080,catalog_required,Catalog_Required,False,True,2025-04-03 12:09:12.793552,2025-04-03 12:09:12.793553
4f7cc349-35c6-4b64-9de2-0cadd12b5cfa,MLA32064840,catalog_required,Catalog_Required,False,True,2025-04-03 12:09:12.793590,2025-04-03 12:09:12.793590
565f0749-8bb9-40c0-b600-2c05636a9b1a,MLA22964864,catalog_required,Catalog_Required,False,True,2025-04-03 12:09:12.793703,2025-04-03 12:09:12.793704
92eab610-05ca-4c71-a0b1-f653909f6777,MLA24460156,catalog_required,Catalog_Required,False,True,2025-04-03 12:09:12.793801,2025-04-03 12:09:12.793801
9dd28094-7149-4eb3-8994-dc62e39ff95c,MLA20544894,catalog_required,Catalog_Required,False,True,2025-04-03 12:09:12.793975,2025-04-03 12:09:12.793975
c4bd7279-e400-40e8-8685-e7bc293b27de,MLA22742201,catalog_required,Catalog_Required,False,True,2025-04-03 12:09:12.794132,2025-04-03 12:09:12.794132
ba6573e2-9b88-4a1f-8c78-e1481e813476,MLA22244109,catalog_required,Catalog_Required,False,True,2025-04-03 12:09:12.794204,2025-04-03 12:09:12.794205
0e335b98-d2fe-426c-976a-58a555c2f953,MLA23856530,catalog_required,Catalog_Required,False,True,2025-04-03 12:09:12.794302,2025-04-03 12:09:12.794302
b8e0b8b2-25c2-445a-9022-d2f4f483cf3a,MLA21319228,catalog_required,Catalog_Required,False,True,2025-04-03 12:09:12.794376,2025-04-03 12:09:12.794376
cee0905e-b3d4-4518-9e4c-346f1dd7eda5,MLA19809983,catalog_required,Catalog_Required,False,True,2025-04-03 12:09:12.794434,2025-04-03 12:09:12.794434
d7a86a24-16f5-4341-a933-e735ad549120,MLA22342000,catalog_required,Catalog_Required,False,True,2025-04-03 12:09:12.794531,2025-04-03 12:09:12.794531
4d2d97fc-91a6-4957-91da-e42beadabc64,MLA29435056,catalog_required,Catalog_Required,False,True,2025-04-03 12:09:12.794605,2025-04-03 12:09:12.794605
b5d6b4b9-e061-4597-90ce-04d00cb538b6,MLA21622186,catalog_required,Catalog_Required,False,True,2025-04-03 12:09:12.794652,2025-04-03 12:09:12.794652
7c1bfc7b-499e-45ee-a601-ad2dcc5a7b3a,MLA22742200,catalog_required,Catalog_Required,False,True,2025-04-03 12:09:12.794788,2025-04-03 12:09:12.794788
36a23dc2-ed13-48a7-b4e6-3f38d4157c99,MLA24557201,catalog_required,Catalog_Required,False,True,2025-04-03 12:09:12.794845,2025-04-03 12:09:12.794845
823e4e19-ce37-4626-950e-dff013ff3eb4,MLA22762005,catalog_required,Catalog_Required,False,True,2025-04-03 12:09:12.794969,2025-04-03 12:09:12.794969
266160b3-5090-4710-a02f-d39fc4d3a6cf,MLA24589109,catalog_required,Catalog_Required,False,True,2025-04-03 12:09:12.795124,2025-04-03 12:09:12.795124
6bca44ed-05a1-446d-b37c-cafb7e074d36,MLA27474749,catalog_required,Catalog_Required,False,True,2025-04-03 12:09:12.795206,2025-04-03 12:09:12.795207
4e366661-3186-4540-9a75-3df905fcc545,MLA19943147,catalog_required,Catalog_Required,False,True,2025-04-03 12:09:12.795335,2025-04-03 12:09:12.795335
a6831289-b6ff-470d-8ac1-d9fde391a97a,MLA22128219,catalog_required,Catalog_Required,False,True,2025-04-03 12:09:12.795381,2025-04-03 12:09:12.795381
76031136-9f9c-47b3-a219-da0ba8b5897c,MLA34951048,catalog_required,Catalog_Required,False,True,2025-04-03 12:09:12.795437,2025-04-03 12:09:12.795437
362ebf86-6e89-4c80-b877-cf9b964544f8,MLA26595416,catalog_required,Catalog_Required,False,True,2025-04-03 12:09:12.795531,2025-04-03 12:09:12.795531
0a65974f-38a9-4400-836f-f035e91b491c,MLA41609398,catalog_required,Catalog_Required,False,True,2025-04-03 12:09:12.795634,2025-04-03 12:09:12.795635
88bb259e-5495-4aaa-9e8f-c67714f2c9de,MLA14630236,catalog_required,Catalog_Required,False,True,2025-04-03 12:09:12.795710,2025-04-03 12:09:12.795710
e822182c-f04b-4c9a-888d-65c76b492c42,MLA21674842,catalog_required,Catalog_Required,False,True,2025-04-03 12:09:12.795853,2025-04-03 12:09:12.795853
f5879119-b06c-44e0-a25d-2dcd7aed1bac,MLA23019127,catalog_required,Catalog_Required,False,True,2025-04-03 12:09:12.795913,2025-04-03 12:09:12.795914
c3241de8-a785-4991-aebb-b40458253863,MLA29652233,catalog_required,Catalog_Required,False,True,2025-04-03 12:09:12.795984,2025-04-03 12:09:12.795984
cbe98f9a-825b-4885-a3a0-1f2b43cc29c3,MLA22031298,catalog_required,Catalog_Required,False,True,2025-04-03 12:09:12.796136,2025-04-03 12:09:12.796136
2731fba4-c1ab-4f95-83e1-45facada4251,MLA42175416,catalog_required,Catalog_Required,False,True,2025-04-03 12:09:12.796271,2025-04-03 12:09:12.796271
e500ec88-970e-4622-93a0-743044ed6eab,MLA25033818,catalog_required,Catalog_Required,False,True,2025-04-03 12:09:12.796405,2025-04-03 12:09:12.796405
053504b4-d190-4f39-85a1-531499874a38,MLA23224959,catalog_required,Catalog_Required,False,True,2025-04-03 12:09:12.796553,2025-04-03 12:09:12.796553
b2e45a60-cde7-4599-ab35-16e0a8d34e83,MLA42037252,catalog_required,Catalog_Required,False,True,2025-04-03 12:09:12.796621,2025-04-03 12:09:12.796622
0831d2df-d92c-4820-87fa-301267f12273,MLA37555064,catalog_required,Catalog_Required,False,True,2025-04-03 12:09:12.796695,2025-04-03 12:09:12.796695
96bc9457-9787-482b-a27b-bd09e7c8f016,MLA38485694,catalog_required,Catalog_Required,False,True,2025-04-03 12:09:12.796736,2025-04-03 12:09:12.796737
7d9c2999-565a-467c-9f76-4fb4d3d17382,MLA26595419,catalog_required,Catalog_Required,False,True,2025-04-03 12:09:12.796777,2025-04-03 12:09:12.796778
c2f3853d-d1b3-4f01-b9ef-832a8750cb4b,MLA23140666,catalog_required,Catalog_Required,False,True,2025-04-03 12:09:12.796866,2025-04-03 12:09:12.796866
66d0eca1-6af9-49f3-98cf-189d2ae772d4,MLA28939456,catalog_required,Catalog_Required,False,True,2025-04-03 12:09:12.796941,2025-04-03 12:09:12.796941
0e32b77a-7d67-4345-ac02-a4cf866d095f,MLA32379039,catalog_required,Catalog_Required,False,True,2025-04-03 12:09:12.797069,2025-04-03 12:09:12.797069
e46eea3b-891c-410d-b1bd-fbe93677ea2d,MLA27081846,catalog_required,Catalog_Required,False,True,2025-04-03 12:09:12.797129,2025-04-03 12:09:12.797129
7b3d604c-bcba-49f2-96af-58abf8f20719,MLA36834510,catalog_required,Catalog_Required,False,True,2025-04-03 12:09:12.797218,2025-04-03 12:09:12.797218
f06a4ed7-51f8-4820-b973-84607fd0c79d,MLA36300441,catalog_required,Catalog_Required,False,True,2025-04-03 12:09:12.797239,2025-04-03 12:09:12.797240
82bba31f-928e-4ecb-992e-89a6496d3084,MLA35715335,catalog_required,Catalog_Required,False,True,2025-04-03 12:09:12.797384,2025-04-03 12:09:12.797384
9c51c9a0-74ec-4a5b-bf5f-0023e083615e,MLA21494606,catalog_required,Catalog_Required,False,True,2025-04-03 12:09:12.797516,2025-04-03 12:09:12.797516
9aca85aa-753a-413c-be71-3cb7fb13281f,MLA29583052,catalog_required,Catalog_Required,False,True,2025-04-03 12:09:12.797576,2025-04-03 12:09:12.797576
5f1a4b08-7018-4122-a31f-0be4fb938cc7,MLA24434205,catalog_required,Catalog_Required,False,True,2025-04-03 12:09:12.797616,2025-04-03 12:09:12.797616
39fa47bd-4c50-46f4-b4ed-7fa5ad309a67,MLA24999665,catalog_required,Catalog_Required,False,True,2025-04-03 12:09:12.797700,2025-04-03 12:09:12.797701
aaf1ef66-a067-40fe-a086-c5a226089a02,MLA24434229,catalog_required,Catalog_Required,False,True,2025-04-03 12:09:12.797760,2025-04-03 12:09:12.797760
3ec4eddf-2ef0-4e99-b0d2-de0daec12438,MLA32222092,catalog_required,Catalog_Required,False,True,2025-04-03 12:09:12.797926,2025-04-03 12:09:12.797926
7cdb6ff3-73e6-4ea2-98b1-25353b926f31,MLA23122610,catalog_required,Catalog_Required,False,True,2025-04-03 12:09:12.797970,2025-04-03 12:09:12.797970
b16e4542-ce87-400d-a15d-039406f915eb,MLA25863373,catalog_required,Catalog_Required,False,True,2025-04-03 12:09:12.798091,2025-04-03 12:09:12.798091
6bda35dc-33ee-41d4-bf6d-de6ccbe67bea,MLA21774715,catalog_required,Catalog_Required,False,True,2025-04-03 12:09:12.798225,2025-04-03 12:09:12.798225
a310a940-3aa0-4f01-a817-785d0d66b5fe,MLA25208909,catalog_required,Catalog_Required,False,True,2025-04-03 12:09:12.798364,2025-04-03 12:09:12.798364
5451fbc5-a52b-4b30-a554-cc5fdab47f9c,MLA24132571,catalog_required,Catalog_Required,False,True,2025-04-03 12:09:12.798468,2025-04-03 12:09:12.798468
317dee78-09da-4a09-97ae-7b66a42a2a18,MLA23953957,catalog_required,Catalog_Required,False,True,2025-04-03 12:09:12.798581,2025-04-03 12:09:12.798581
f2132f02-6235-4176-a7af-9fd13bf93277,MLA15984003,catalog_required,Catalog_Required,False,True,2025-04-03 12:09:12.798698,2025-04-03 12:09:12.798699
ac6303cf-bfca-45d6-a38d-a0973b2e04c6,MLA42847198,catalog_required,Catalog_Required,False,True,2025-04-03 12:09:12.799080,2025-04-03 12:09:12.799080
62ce193b-cb11-46d9-ba97-8b1299f7e472,MLA46650591,catalog_required,Catalog_Required,False,True,2025-04-03 12:09:12.799146,2025-04-03 12:09:12.799146
56b906e1-099b-4c2e-a4df-19fbd9dcf0c5,MLA20255932,catalog_required,Catalog_Required,False,True,2025-04-03 12:09:12.799254,2025-04-03 12:09:12.799254
fae532e9-0d41-49fd-82e9-731c4b243e03,MLA27202677,catalog_required,Catalog_Required,False,True,2025-04-03 12:09:12.799403,2025-04-03 12:09:12.799403
556f4e34-5f55-4fd3-bb44-c6e5dfe45f6b,MLA6125040,catalog_required,Catalog_Required,False,True,2025-04-03 12:09:12.799471,2025-04-03 12:09:12.799472
ba4a0faf-8200-43b1-9936-933d4ff92f9a,MLA6125041,catalog_required,Catalog_Required,False,True,2025-04-03 12:09:12.799583,2025-04-03 12:09:12.799583
2bc8dfd4-2c01-4550-a4af-75c357957757,MLA40695658,catalog_required,Catalog_Required,False,True,2025-04-03 12:09:12.799707,2025-04-03 12:09:12.799707
85533a28-5ffd-44c4-b3ca-feef11755cbc,MLA46599052,catalog_required,Catalog_Required,False,True,2025-04-03 12:09:12.799753,2025-04-03 12:09:12.799753
454e4db1-1f87-441a-af43-2b6d4c394e0a,MLA37734297,catalog_required,Catalog_Required,False,True,2025-04-03 12:09:12.799798,2025-04-03 12:09:12.799798
848d7d88-a90a-4796-82f3-fbba9e7dce4f,MLA47354226,catalog_required,Catalog_Required,False,True,2025-04-03 12:09:12.799832,2025-04-03 12:09:12.799832
1365a557-3ae2-47a6-b553-434117f7eb25,MLA47546956,catalog_required,Catalog_Required,False,True,2025-04-03 12:09:12.799964,2025-04-03 12:09:12.799964
829a2df3-9aff-42a6-8ffc-639f4fa9d834,MLA38351184,catalog_required,Catalog_Required,False,True,2025-04-03 12:09:12.800095,2025-04-03 12:09:12.800095
bc00898b-522f-49e8-8e9d-3199ab16650f,MLA37281209,catalog_required,Catalog_Required,False,True,2025-04-03 12:09:12.800260,2025-04-03 12:09:12.800260
80164ec9-75dc-439b-a2f1-30cdb5020796,MLA21237756,catalog_required,Catalog_Required,False,True,2025-04-03 12:09:12.800298,2025-04-03 12:09:12.800298
1212e2bb-09b9-4b1c-9a8a-f12becb59f8d,MLA28801485,catalog_required,Catalog_Required,False,True,2025-04-03 12:09:12.800441,2025-04-03 12:09:12.800441
db975170-a24a-4cf9-a5bb-1819c3c88b25,MLA16233185,catalog_required,Catalog_Required,False,True,2025-04-03 12:09:12.800520,2025-04-03 12:09:12.800520
7f769b9c-2ba6-4c4e-9d9e-fc20c1fb7213,MLA6125043,catalog_required,Catalog_Required,False,True,2025-04-03 12:09:12.800680,2025-04-03 12:09:12.800680
9426fe42-04e5-4b9e-ada0-d3383e8547fa,MLA44016696,catalog_required,Catalog_Required,False,True,2025-04-03 12:09:12.800838,2025-04-03 12:09:12.800838
84fabf7b-8721-4d59-80f5-7469a96df1dc,MLA46646080,catalog_required,Catalog_Required,False,True,2025-04-03 12:09:12.800905,2025-04-03 12:09:12.800905
db024ae5-aff5-42a3-8545-7139a8f32220,MLA40682584,catalog_required,Catalog_Required,False,True,2025-04-03 12:09:12.801031,2025-04-03 12:09:12.801031
348cce56-7eb2-4ad2-bba0-0314148e4992,MLA47449800,catalog_required,Catalog_Required,False,True,2025-04-03 12:09:12.801088,2025-04-03 12:09:12.801088
ae9ba349-b2dc-4457-abc1-ffd3317206b1,MLA29041598,catalog_required,Catalog_Required,False,True,2025-04-03 12:09:12.801176,2025-04-03 12:09:12.801176
dd285b3f-faea-4fa2-af9d-9bd09703fe7b,MLA34334446,catalog_required,Catalog_Required,False,True,2025-04-03 12:09:12.801217,2025-04-03 12:09:12.801217
26ed4506-f895-410a-8d21-85b5f38a2825,MLA46644650,catalog_required,Catalog_Required,False,True,2025-04-03 12:09:12.801236,2025-04-03 12:09:12.801236
5f36b3e3-4aea-4f97-ac99-1e63c4ec9e0f,MLA34921279,catalog_required,Catalog_Required,False,True,2025-04-03 12:09:12.801323,2025-04-03 12:09:12.801323
f885eae3-e853-478d-962d-6c4b8fbb8c45,MLA39011584,catalog_required,Catalog_Required,False,True,2025-04-03 12:09:12.801450,2025-04-03 12:09:12.801450
5c3e6270-538a-4ab4-93cd-beb4226e1cde,MLA37230837,catalog_required,Catalog_Required,False,True,2025-04-03 12:09:12.801502,2025-04-03 12:09:12.801502
75463cba-0d0e-4f76-a3c1-549a1959aaf6,MLA37719267,catalog_required,Catalog_Required,False,True,2025-04-03 12:09:12.801534,2025-04-03 12:09:12.801534
2e3601c1-96ec-43d0-81fe-2cfc0c8bd395,MLA41155487,catalog_required,Catalog_Required,False,True,2025-04-03 12:09:12.801573,2025-04-03 12:09:12.801573
9141777b-c745-4677-892b-5f22583a1719,MLA42838649,catalog_required,Catalog_Required,False,True,2025-04-03 12:09:12.801645,2025-04-03 12:09:12.801645
04548144-82c1-4042-b8af-d3897d499b66,MLA41082280,catalog_required,Catalog_Required,False,True,2025-04-03 12:09:12.801724,2025-04-03 12:09:12.801724
083633a4-179e-4637-b1f2-cb8603f70d03,MLA37291478,catalog_required,Catalog_Required,False,True,2025-04-03 12:09:12.801770,2025-04-03 12:09:12.801770
961ab2ac-dd79-4b23-aba7-09ce0fab141a,MLA46660900,catalog_required,Catalog_Required,False,True,2025-04-03 12:09:12.801807,2025-04-03 12:09:12.801807
9bee3ce6-06af-4b93-8ab4-1f70e576e7a6,MLA41077223,catalog_required,Catalog_Required,False,True,2025-04-03 12:09:12.801859,2025-04-03 12:09:12.801859
c89b4bfe-d8ba-4f5a-9938-3b6ba61c6da9,MLA28705947,catalog_required,Catalog_Required,False,True,2025-04-03 12:09:12.801897,2025-04-03 12:09:12.801898
2688f4a4-4a1d-496e-bced-5aa3179bcb91,MLA45001905,catalog_required,Catalog_Required,False,True,2025-04-03 12:09:12.802043,2025-04-03 12:09:12.802044
39bd2bce-9488-42f9-ac2e-e7981eeec908,MLA42827642,catalog_required,Catalog_Required,False,True,2025-04-03 12:09:12.802101,2025-04-03 12:09:12.802101
db907340-3afc-45ce-ac30-bb517f442622,MLA44748277,catalog_required,Catalog_Required,False,True,2025-04-03 12:09:12.802180,2025-04-03 12:09:12.802180
1bcf54ef-ab29-4e24-b01a-9a552680454d,MLA42834722,catalog_required,Catalog_Required,False,True,2025-04-03 12:09:12.802239,2025-04-03 12:09:12.802239
dfe89c0f-2bf3-486b-acb8-204b1ebd21f9,MLA21728489,catalog_required,Catalog_Required,False,True,2025-04-03 12:09:12.802304,2025-04-03 12:09:12.802305
9ebc7044-7836-495e-8f3b-a3469cb0674a,MLA42843484,catalog_required,Catalog_Required,False,True,2025-04-03 12:09:12.802347,2025-04-03 12:09:12.802347
57aec705-4368-4af3-838f-23c30f61cf08,MLA34955589,catalog_required,Catalog_Required,False,True,2025-04-03 12:09:12.802372,2025-04-03 12:09:12.802372
c65a25f7-651a-45df-b6c4-7bc07acc4518,MLA22209472,catalog_required,Catalog_Required,False,True,2025-04-03 12:09:12.802423,2025-04-03 12:09:12.802423
bf5d8f61-cbf4-4982-a90d-fc2aa695f40f,MLA26707106,catalog_required,Catalog_Required,False,True,2025-04-03 12:09:12.802472,2025-04-03 12:09:12.802472
296823d7-d6e8-4b8a-9788-9cc5c778158b,MLA42857839,catalog_required,Catalog_Required,False,True,2025-04-03 12:09:12.802571,2025-04-03 12:09:12.802571
487af018-5363-4dc0-a828-b0da8916921e,MLA28495758,catalog_required,Catalog_Required,False,True,2025-04-03 12:09:12.802649,2025-04-03 12:09:12.802650
431dab9b-d680-4132-8328-83dad23d3494,MLA47080081,catalog_required,Catalog_Required,False,True,2025-04-03 12:09:12.802687,2025-04-03 12:09:12.802687
35313ad9-8e5d-42f5-8677-7ec3b79a4f34,MLA36986130,catalog_required,Catalog_Required,False,True,2025-04-03 12:09:12.802837,2025-04-03 12:09:12.802838
95381789-0102-4c29-b607-0690d1c67001,MLA45571762,catalog_required,Catalog_Required,False,True,2025-04-03 12:09:12.802880,2025-04-03 12:09:12.802880
ce007f71-49fe-45a4-9ecc-ecfbe202b4a0,MLA43275820,catalog_required,Catalog_Required,False,True,2025-04-03 12:09:12.802971,2025-04-03 12:09:12.802971
58350d2d-0459-4b48-8a5d-75793f14a794,MLA41750701,catalog_required,Catalog_Required,False,True,2025-04-03 12:09:12.803107,2025-04-03 12:09:12.803107
8914ad99-5231-4aeb-b1b6-4855828de00b,MLA27716550,catalog_required,Catalog_Required,False,True,2025-04-03 12:09:12.803205,2025-04-03 12:09:12.803206
54da457e-aefe-4071-bb43-0b908c1777f0,MLA43943950,catalog_required,Catalog_Required,False,True,2025-04-03 12:09:12.803292,2025-04-03 12:09:12.803292
e9e85560-679f-4353-9c5f-ecc368a5d18c,MLA42791859,catalog_required,Catalog_Required,False,True,2025-04-03 12:09:12.803329,2025-04-03 12:09:12.803329
ef2deb68-ee45-4e09-933d-d3f24427983e,MLA43273493,catalog_required,Catalog_Required,False,True,2025-04-03 12:09:12.803408,2025-04-03 12:09:12.803408
29256b8f-77a5-46e5-93bd-6ffd081fc28d,MLA45480527,catalog_required,Catalog_Required,False,True,2025-04-03 12:09:12.803465,2025-04-03 12:09:12.803465
0c830932-6c37-4293-8c76-9d850178f801,MLA39016572,catalog_required,Catalog_Required,False,True,2025-04-03 12:09:12.803514,2025-04-03 12:09:12.803514
c69b47d1-c705-451a-b55c-39e3a6a0741b,MLA41829330,catalog_required,Catalog_Required,False,True,2025-04-03 12:09:12.803570,2025-04-03 12:09:12.803570
2bbbbe9a-2dd8-4513-abec-877ee72836bf,MLA8738165,catalog_required,Catalog_Required,False,True,2025-04-03 12:09:12.803610,2025-04-03 12:09:12.803610
635be90e-bde2-441f-a3e3-878d810e7807,MLA29124502,catalog_required,Catalog_Required,False,True,2025-04-03 12:09:12.803715,2025-04-03 12:09:12.803715
e8386c19-2e41-452f-ab21-db570122f2e1,MLA45961530,catalog_required,Catalog_Required,False,True,2025-04-03 12:09:12.803746,2025-04-03 12:09:12.803747
62fd1c6f-a8d6-4e55-a404-0c05b9f99fdd,MLA27390180,catalog_required,Catalog_Required,False,True,2025-04-03 12:09:12.803896,2025-04-03 12:09:12.803897
bb8f19c8-81da-4460-b272-29ce27e5e16e,MLA21392300,catalog_required,Catalog_Required,False,True,2025-04-03 12:09:12.803950,2025-04-03 12:09:12.803950
b9278c94-ec2f-4862-807e-e2c1cf721067,MLA6184344,catalog_required,Catalog_Required,False,True,2025-04-03 12:09:12.803977,2025-04-03 12:09:12.803977
2f3e46f4-e070-435f-b5f3-db470da5a87b,MLA41073937,catalog_required,Catalog_Required,False,True,2025-04-03 12:09:12.804004,2025-04-03 12:09:12.804005
dc8e849d-8e83-4273-9078-9a8e6eef1f8b,MLA25306161,catalog_required,Catalog_Required,False,True,2025-04-03 12:09:12.804064,2025-04-03 12:09:12.804064
414318b9-07ee-47d4-834f-cb0d54342750,MLA27081850,catalog_required,Catalog_Required,False,True,2025-04-03 12:09:12.804174,2025-04-03 12:09:12.804174
0fe0327e-217e-431a-8071-32f7469dafc5,MLA41070755,catalog_required,Catalog_Required,False,True,2025-04-03 12:09:12.804266,2025-04-03 12:09:12.804266
876abc64-3501-4178-94fe-7d08e35beb85,MLA42846011,catalog_required,Catalog_Required,False,True,2025-04-03 12:09:12.804344,2025-04-03 12:09:12.804344
4273c74d-e16b-467c-ae7d-8e8f84d1174b,MLA28367883,catalog_required,Catalog_Required,False,True,2025-04-03 12:09:12.804413,2025-04-03 12:09:12.804413
71bfb210-66c4-4653-9a0f-edb43243eeec,MLA42193314,catalog_required,Catalog_Required,False,True,2025-04-03 12:09:12.804444,2025-04-03 12:09:12.804444
0a86fbc1-0bde-41f8-8848-3e013597245c,MLA28144143,catalog_required,Catalog_Required,False,True,2025-04-03 12:09:12.804515,2025-04-03 12:09:12.804515
1b90fd2b-cd68-4882-a23b-e0e26248b102,MLA42618514,catalog_required,Catalog_Required,False,True,2025-04-03 12:09:12.804614,2025-04-03 12:09:12.804614
fc080143-c457-451f-b9ed-7cc5335690c7,MLA37165537,catalog_required,Catalog_Required,False,True,2025-04-03 12:09:12.804631,2025-04-03 12:09:12.804632
de980043-8a2d-41ad-afd4-0f66491dc8f3,MLA41831681,catalog_required,Catalog_Required,False,True,2025-04-03 12:09:12.804666,2025-04-03 12:09:12.804666
beaf31c7-0266-4049-8798-d805bd794065,MLA42425158,catalog_required,Catalog_Required,False,True,2025-04-03 12:09:12.804711,2025-04-03 12:09:12.804711
4c95d7fb-2d82-4a65-abda-23deb0c8242b,MLA20544893,catalog_required,Catalog_Required,False,True,2025-04-03 12:09:12.804725,2025-04-03 12:09:12.804726
b4cad81e-fb3f-434f-8287-2dda0b31cf03,MLA41079335,catalog_required,Catalog_Required,False,True,2025-04-03 12:09:12.804844,2025-04-03 12:09:12.804845
5a5f9913-1c7c-4994-a6c3-79a8794de894,MLA41070580,catalog_required,Catalog_Required,False,True,2025-04-03 12:09:12.804928,2025-04-03 12:09:12.804928
5864a949-3fe8-4ef7-b0c3-8638136e878c,MLA24596630,catalog_required,Catalog_Required,False,True,2025-04-03 12:09:12.804982,2025-04-03 12:09:12.804982
6fb617c9-35a8-4c21-a1dc-69d0ccc03f3c,MLA18605482,catalog_required,Catalog_Required,False,True,2025-04-03 12:09:12.805067,2025-04-03 12:09:12.805067
637e5457-1139-4234-8d2d-b508f975fd84,MLA34303722,catalog_required,Catalog_Required,False,True,2025-04-03 12:09:12.805138,2025-04-03 12:09:12.805138
232b10f2-13d2-4891-890c-46d9fa95cb65,MLA37503450,catalog_required,Catalog_Required,False,True,2025-04-03 12:09:12.805184,2025-04-03 12:09:12.805184
c955d565-6e69-4daa-9ca7-d6b2b04229e9,MLA21389309,catalog_required,Catalog_Required,False,True,2025-04-03 12:09:12.805205,2025-04-03 12:09:12.805205
6af10594-6edd-4306-9067-fe49a2583d1c,MLA6121663,catalog_required,Catalog_Required,False,True,2025-04-03 12:09:12.805263,2025-04-03 12:09:12.805263
a8ccb61f-8270-4322-80f1-c30de964318c,MLA45571641,catalog_required,Catalog_Required,False,True,2025-04-03 12:09:12.805305,2025-04-03 12:09:12.805305
1c2b5218-7f9d-4968-9d1f-8d72a7acd1b5,MLA42838201,catalog_required,Catalog_Required,False,True,2025-04-03 12:09:12.805381,2025-04-03 12:09:12.805381
ad686099-f95f-471e-a275-88486516a03d,MLA36998765,catalog_required,Catalog_Required,False,True,2025-04-03 12:09:12.805432,2025-04-03 12:09:12.805432
fa59ebdd-f375-4ba1-b055-d42a1b3619da,MLA36664193,catalog_required,Catalog_Required,False,True,2025-04-03 12:09:12.805454,2025-04-03 12:09:12.805454
9faa9554-27d5-4879-8418-f432ee889134,MLA41043432,catalog_required,Catalog_Required,False,True,2025-04-03 12:09:12.805518,2025-04-03 12:09:12.805518
c0829129-14e8-43c4-a6e8-1ea506ea3b65,MLA36181128,catalog_required,Catalog_Required,False,True,2025-04-03 12:09:12.805577,2025-04-03 12:09:12.805577
8af84fe3-ea40-4f35-8358-96475b09ea9e,MLA45886147,catalog_required,Catalog_Required,False,True,2025-04-03 12:09:12.805636,2025-04-03 12:09:12.805636
630d08e7-a392-4e63-8274-f465b7bca141,MLA44999223,catalog_required,Catalog_Required,False,True,2025-04-03 12:09:12.805709,2025-04-03 12:09:12.805709
2f65ce55-2208-4dc8-a579-0b31f7c93366,MLA42824996,catalog_required,Catalog_Required,False,True,2025-04-03 12:09:12.805761,2025-04-03 12:09:12.805761
f08cef54-5c84-4903-84bc-77b796d9dda3,MLA40922941,catalog_required,Catalog_Required,False,True,2025-04-03 12:09:12.805822,2025-04-03 12:09:12.805822
da24a071-8d51-4aec-85bf-4afdca3e68ab,MLA40943619,catalog_required,Catalog_Required,False,True,2025-04-03 12:09:12.805939,2025-04-03 12:09:12.805939
3e0892e1-c268-4ed3-a546-6e31f7d9f45d,MLA37167679,catalog_required,Catalog_Required,False,True,2025-04-03 12:09:12.806054,2025-04-03 12:09:12.806054
248cc6d7-ab65-448b-97cc-95ff81ac1728,MLA46618082,catalog_required,Catalog_Required,False,True,2025-04-03 12:09:12.806078,2025-04-03 12:09:12.806078
394ae996-baed-4df9-88e2-ea88b9f5ef2d,MLA41828680,catalog_required,Catalog_Required,False,True,2025-04-03 12:09:12.806097,2025-04-03 12:09:12.806097
0a1d224b-0ea9-4e59-ab78-3e41a9754cca,MLA34488740,catalog_required,Catalog_Required,False,True,2025-04-03 12:09:12.806131,2025-04-03 12:09:12.806131
b5689a07-15ab-43ac-8479-f2c0b4801d2a,MLA29123916,catalog_required,Catalog_Required,False,True,2025-04-03 12:09:12.806145,2025-04-03 12:09:12.806146
ed89f374-1ab5-4fe9-9fc4-ec670bd070cc,MLA42427748,catalog_required,Catalog_Required,False,True,2025-04-03 12:09:12.806167,2025-04-03 12:09:12.806167
1349c1dd-b742-4b38-b6f1-ef3b0ba59e4e,MLA43280439,catalog_required,Catalog_Required,False,True,2025-04-03 12:09:12.806189,2025-04-03 12:09:12.806189
318cad2a-89f9-4a6f-9504-afe6fa46b01f,MLA42725087,catalog_required,Catalog_Required,False,True,2025-04-03 12:09:12.806286,2025-04-03 12:09:12.806287
1e24c92f-e6fb-4ce9-bc47-54e4dd5c12a3,MLA34116578,catalog_required,Catalog_Required,False,True,2025-04-03 12:09:12.806306,2025-04-03 12:09:12.806307
864df7e3-47ad-4b9f-85e2-21037d0095cb,MLA45000299,catalog_required,Catalog_Required,False,True,2025-04-03 12:09:12.806351,2025-04-03 12:09:12.806352
a9b930ac-94df-4d48-8fd5-4f528f538061,MLA18194004,catalog_required,Catalog_Required,False,True,2025-04-03 12:09:12.806429,2025-04-03 12:09:12.806429
3da7e4c6-4fdd-4abd-b727-f8c22479af3e,MLA44779432,catalog_required,Catalog_Required,False,True,2025-04-03 12:09:12.806527,2025-04-03 12:09:12.806528
bd794f3b-1225-4f7d-b006-edca896a5359,MLA35899098,catalog_required,Catalog_Required,False,True,2025-04-03 12:09:12.806592,2025-04-03 12:09:12.806592
75b350ca-6b86-4612-9c9f-03b54315aa80,MLA43320186,catalog_required,Catalog_Required,False,True,2025-04-03 12:09:12.806650,2025-04-03 12:09:12.806650
82de73d2-4054-435c-8607-6e6fbf65e341,MLA41375746,catalog_required,Catalog_Required,False,True,2025-04-03 12:09:12.806752,2025-04-03 12:09:12.806753
4c41b508-5c76-4918-b52b-9d53e6f3e35f,MLA42301552,catalog_required,Catalog_Required,False,True,2025-04-03 12:09:12.806861,2025-04-03 12:09:12.806861
53a4ddaa-92f8-4452-90c2-c5ba564732fe,MLA44238927,catalog_required,Catalog_Required,False,True,2025-04-03 12:09:12.806881,2025-04-03 12:09:12.806881
09d3ada8-2520-4a81-a6e6-22b5f5a22bad,MLA27269094,catalog_required,Catalog_Required,False,True,2025-04-03 12:09:12.806943,2025-04-03 12:09:12.806943
6f538d24-20f4-44d1-8f6e-9082cdfd5c85,MLA42413856,catalog_required,Catalog_Required,False,True,2025-04-03 12:09:12.806977,2025-04-03 12:09:12.806977
6e8c56ed-eed3-4859-bdef-b8007a7e53da,MLA43268437,catalog_required,Catalog_Required,False,True,2025-04-03 12:09:12.806991,2025-04-03 12:09:12.806991
e384797b-93b8-4c5c-af87-947304cc2599,MLA42855293,catalog_required,Catalog_Required,False,True,2025-04-03 12:09:12.807076,2025-04-03 12:09:12.807076
38a856c2-afe9-4b4d-b6f0-e40cb5398b64,MLA21891478,catalog_required,Catalog_Required,False,True,2025-04-03 12:09:12.807147,2025-04-03 12:09:12.807147
9a437ab2-293c-426d-97dc-b952a2670ea3,MLA46629263,catalog_required,Catalog_Required,False,True,2025-04-03 12:09:12.807175,2025-04-03 12:09:12.807176
9d16a0d5-5ecd-4b3f-b2e5-3f53caaa057f,MLA16590847,catalog_required,Catalog_Required,False,True,2025-04-03 12:09:12.807205,2025-04-03 12:09:12.807205
e27b9fbc-84ee-4bb8-b1d4-20e67d5dd69a,MLA43251460,catalog_required,Catalog_Required,False,True,2025-04-03 12:09:12.807288,2025-04-03 12:09:12.807288
b2a5a625-9d41-4a50-94d0-dcafadca277f,MLA45653047,catalog_required,Catalog_Required,False,True,2025-04-03 12:09:12.807343,2025-04-03 12:09:12.807343
5dd9c070-3102-44bb-b63b-d8d1be12001f,MLA28307360,catalog_required,Catalog_Required,False,True,2025-04-03 12:09:12.807441,2025-04-03 12:09:12.807441
36779135-37f8-4562-898b-fca7c5c4fc08,MLA42847946,catalog_required,Catalog_Required,False,True,2025-04-03 12:09:12.807466,2025-04-03 12:09:12.807466
e8aed7cb-ff3a-4028-9df5-b6560e83ff6b,MLA45773538,catalog_required,Catalog_Required,False,True,2025-04-03 12:09:12.807565,2025-04-03 12:09:12.807566
8ad92667-6649-4dbb-9a28-3318deeca9e6,MLA43320106,catalog_required,Catalog_Required,False,True,2025-04-03 12:09:12.807664,2025-04-03 12:09:12.807665
57c487dd-a23c-4119-86e9-088cc25f1ea1,MLA41829760,catalog_required,Catalog_Required,False,True,2025-04-03 12:09:12.807727,2025-04-03 12:09:12.807727
ff0a3d68-e45e-48e4-9ddd-12a1279a5eb9,MLA45571780,catalog_required,Catalog_Required,False,True,2025-04-03 12:09:12.807787,2025-04-03 12:09:12.807787
0e28f1db-a19d-4c76-9d67-9d4b533e88a5,MLA46469654,catalog_required,Catalog_Required,False,True,2025-04-03 12:09:12.807866,2025-04-03 12:09:12.807866
6f2b6836-3c3d-49bd-b319-557b562f4ef0,MLA20333246,catalog_required,Catalog_Required,False,True,2025-04-03 12:09:12.807939,2025-04-03 12:09:12.807939
a79b8645-ab54-4b37-ae29-df5236dcff4f,MLA43265433,catalog_required,Catalog_Required,False,True,2025-04-03 12:09:12.807986,2025-04-03 12:09:12.807986
b9f09028-4697-4172-b474-5e7d1dc5fe15,MLA15989655,catalog_required,Catalog_Required,False,True,2025-04-03 12:09:12.808113,2025-04-03 12:09:12.808113
03a02a9e-9953-4edf-938e-f82111112c22,MLA38660485,catalog_required,Catalog_Required,False,True,2025-04-03 12:09:12.808196,2025-04-03 12:09:12.808197
680d688d-eb80-4752-a81b-3873087e67d9,MLA34504409,catalog_required,Catalog_Required,False,True,2025-04-03 12:09:12.808254,2025-04-03 12:09:12.808254
28362a62-43f0-4bbf-92e9-4e834151f0c2,MLA34311773,catalog_required,Catalog_Required,False,True,2025-04-03 12:09:12.808278,2025-04-03 12:09:12.808278
05699326-63eb-4133-81b3-6a0886641124,MLA21015912,catalog_required,Catalog_Required,False,True,2025-04-03 12:09:12.808299,2025-04-03 12:09:12.808299
ccf729d3-d313-4612-a34d-8d40a2d990b4,MLA46031077,catalog_required,Catalog_Required,False,True,2025-04-03 12:09:12.808335,2025-04-03 12:09:12.808335
1ba65878-b23e-4a69-b00d-f84ec61a6da8,MLA45478109,catalog_required,Catalog_Required,False,True,2025-04-03 12:09:12.808377,2025-04-03 12:09:12.808377
34b5a8cc-a9ee-4477-af59-73e6ad5593d0,MLA42856754,catalog_required,Catalog_Required,False,True,2025-04-03 12:09:12.808424,2025-04-03 12:09:12.808425
0e13cef4-ca1e-4562-9876-d6b5ea445d76,MLA37006144,catalog_required,Catalog_Required,False,True,2025-04-03 12:09:12.808471,2025-04-03 12:09:12.808471
39fe4498-4520-48ed-b664-fb2363c9f6c7,MLA6345542,catalog_required,Catalog_Required,False,True,2025-04-03 12:09:12.808499,2025-04-03 12:09:12.808499
84946fec-7ee4-424d-8e46-d4933c7e844b,MLA21930293,catalog_required,Catalog_Required,False,True,2025-04-03 12:09:12.808559,2025-04-03 12:09:12.808559
b7c890b5-2a15-45f4-ab3d-522e47ff7606,MLA47246152,catalog_required,Catalog_Required,False,True,2025-04-03 12:09:12.808603,2025-04-03 12:09:12.808603
250b9d2a-93a0-4de5-9d6e-92d125f91c78,MLA6386869,catalog_required,Catalog_Required,False,True,2025-04-03 12:09:12.808750,2025-04-03 12:09:12.808750
f8507f55-cfd5-4fff-b836-bac80a05af96,MLA35714572,catalog_required,Catalog_Required,False,True,2025-04-03 12:09:12.808786,2025-04-03 12:09:12.808786
d518ab3c-c374-454a-98f7-6d08ec3b5d4b,MLA22641206,catalog_required,Catalog_Required,False,True,2025-04-03 12:09:12.808811,2025-04-03 12:09:12.808811
7715c6d0-9771-4d3e-9ec1-5dc78ea7e1e0,MLA44894386,catalog_required,Catalog_Required,False,True,2025-04-03 12:09:12.808929,2025-04-03 12:09:12.808929
7add15de-c816-4490-b098-bf7be32e039c,MLA39136311,catalog_required,Catalog_Required,False,True,2025-04-03 12:09:12.809006,2025-04-03 12:09:12.809006
7c626cd7-0626-43bf-9e25-aef618782e6c,MLA27753970,catalog_required,Catalog_Required,False,True,2025-04-03 12:09:12.809087,2025-04-03 12:09:12.809088
30dd775b-98be-47c5-a3e5-e915daa75cc4,MLA29637610,catalog_required,Catalog_Required,False,True,2025-04-03 12:09:12.809124,2025-04-03 12:09:12.809124
ccb99fbc-2d39-4bb0-8679-9366dc83e68d,MLA35734835,catalog_required,Catalog_Required,False,True,2025-04-03 12:09:12.809214,2025-04-03 12:09:12.809214
a8de3223-a5fc-4462-b6f7-b9ec48bcaffe,MLA28929968,catalog_required,Catalog_Required,False,True,2025-04-03 12:09:12.809242,2025-04-03 12:09:12.809242
57837874-ee45-4dd9-b898-70e03f06e62b,MLA46977442,catalog_required,Catalog_Required,False,True,2025-04-03 12:09:12.809321,2025-04-03 12:09:12.809321
4bc4cf66-aebe-46ef-a071-778313ee6203,MLA43012589,catalog_required,Catalog_Required,False,True,2025-04-03 12:09:12.809378,2025-04-03 12:09:12.809379
28652163-351a-4ff5-95b1-3aa07135c314,MLA42963033,catalog_required,Catalog_Required,False,True,2025-04-03 12:09:12.809448,2025-04-03 12:09:12.809448
38a7c295-7252-4a76-90fd-5cac6956f5ac,MLA22209479,catalog_required,Catalog_Required,False,True,2025-04-03 12:09:12.809474,2025-04-03 12:09:12.809474
32d8ec66-8b68-47c4-af47-906b1f3c1c0e,MLA43273427,catalog_required,Catalog_Required,False,True,2025-04-03 12:09:12.809526,2025-04-03 12:09:12.809526
102667d4-66f5-44cc-8f3c-7fc7267610a3,MLA14141502,catalog_required,Catalog_Required,False,True,2025-04-03 12:09:12.809582,2025-04-03 12:09:12.809582
f37ecacc-8b70-4b74-9ff8-047a583dbad4,MLA36775989,catalog_required,Catalog_Required,False,True,2025-04-03 12:09:12.809646,2025-04-03 12:09:12.809646
867ecf66-422e-4742-b8ca-216513b5fe7d,MLA39064534,catalog_required,Catalog_Required,False,True,2025-04-03 12:09:12.809669,2025-04-03 12:09:12.809669
50dfc2da-0a2f-4ea2-a92b-fb7027efaa89,MLA21494611,catalog_required,Catalog_Required,False,True,2025-04-03 12:09:12.809723,2025-04-03 12:09:12.809723
fe46f4e8-69bb-48d5-b174-385308694720,MLA36873001,catalog_required,Catalog_Required,False,True,2025-04-03 12:09:12.809782,2025-04-03 12:09:12.809783
1c14b4a6-8e46-45dc-9ec7-4932d8761535,MLA22102557,catalog_required,Catalog_Required,False,True,2025-04-03 12:09:12.809809,2025-04-03 12:09:12.809809
e95c12d2-a5b3-46f1-b4fe-a253cd62ef64,MLA21319245,catalog_required,Catalog_Required,False,True,2025-04-03 12:09:12.809842,2025-04-03 12:09:12.809842
8ca453e2-4acf-477d-9dbc-20fa75c6778c,MLA38218444,catalog_required,Catalog_Required,False,True,2025-04-03 12:09:12.809878,2025-04-03 12:09:12.809878
d5e12787-9d79-4bdd-81a2-96275bdad1d5,MLA42907196,catalog_required,Catalog_Required,False,True,2025-04-03 12:09:12.809937,2025-04-03 12:09:12.809937
994d77ea-2f75-4cd1-b0b4-4cd214d6153b,MLA37034302,catalog_required,Catalog_Required,False,True,2025-04-03 12:09:12.810024,2025-04-03 12:09:12.810024
6bada1a0-0c22-476d-ae4c-d67cc60922d5,MLA24801177,catalog_required,Catalog_Required,False,True,2025-04-03 12:09:12.810065,2025-04-03 12:09:12.810065
c081eefe-d209-44ef-95ce-d54c3ce05526,MLA41826511,catalog_required,Catalog_Required,False,True,2025-04-03 12:09:12.810142,2025-04-03 12:09:12.810142
71974d9e-fe57-4186-967e-e89986a056ab,MLA6134629,catalog_required,Catalog_Required,False,True,2025-04-03 12:09:12.810179,2025-04-03 12:09:12.810179
a274cb34-a7e6-4fa2-af01-a805012b0e2a,MLA41763612,catalog_required,Catalog_Required,False,True,2025-04-03 12:09:12.810218,2025-04-03 12:09:12.810218
49736946-2680-48f1-a0d3-0791f901fdaf,MLA14540830,catalog_required,Catalog_Required,False,True,2025-04-03 12:09:12.810268,2025-04-03 12:09:12.810268
cbfbe4f0-4886-4b15-aa8b-b75a00b070e3,MLA41081314,catalog_required,Catalog_Required,False,True,2025-04-03 12:09:12.810384,2025-04-03 12:09:12.810385
c39e440e-616a-4f07-99ce-3d1b4c680451,MLA37220358,catalog_required,Catalog_Required,False,True,2025-04-03 12:09:12.810445,2025-04-03 12:09:12.810445
31471225-732a-4667-82d2-96b83ec576f7,MLA42707732,catalog_required,Catalog_Required,False,True,2025-04-03 12:09:12.810469,2025-04-03 12:09:12.810469
e437ead4-cac1-4cb7-a4ce-5748fa52764b,MLA42707090,catalog_required,Catalog_Required,False,True,2025-04-03 12:09:12.810486,2025-04-03 12:09:12.810486
56a02334-b318-4541-9959-a99001124c46,MLA42857385,catalog_required,Catalog_Required,False,True,2025-04-03 12:09:12.810512,2025-04-03 12:09:12.810513
3e99355f-fc9d-49db-9ae1-fc99c3085cdb,MLA42427194,catalog_required,Catalog_Required,False,True,2025-04-03 12:09:12.810583,2025-04-03 12:09:12.810583
ed88155d-5536-4fda-91e4-f8e32bde858d,MLA22870933,catalog_required,Catalog_Required,False,True,2025-04-03 12:09:12.810616,2025-04-03 12:09:12.810616
275bebbe-6b34-4760-8dc1-b8ddaf24c395,MLA19756737,catalog_required,Catalog_Required,False,True,2025-04-03 12:09:12.810709,2025-04-03 12:09:12.810709
94c23f2f-ca3a-4e72-9f3b-dd57eaddc6b6,MLA42864777,catalog_required,Catalog_Required,False,True,2025-04-03 12:09:12.810831,2025-04-03 12:09:12.810831
f02d7f98-cee1-4b0f-8cb1-2d1bf05efdc4,MLA37170466,catalog_required,Catalog_Required,False,True,2025-04-03 12:09:12.810874,2025-04-03 12:09:12.810874
e78d27dd-5c04-40b2-b7e1-2d75ca432e4d,MLA44999334,catalog_required,Catalog_Required,False,True,2025-04-03 12:09:12.810911,2025-04-03 12:09:12.810911
06c7a611-0c1c-42d8-a345-adae3be71001,MLA16033188,catalog_required,Catalog_Required,False,True,2025-04-03 12:09:12.810975,2025-04-03 12:09:12.810976
cb86837b-bca3-494a-98e0-b4d152c145eb,MLA29066258,catalog_required,Catalog_Required,False,True,2025-04-03 12:09:12.811070,2025-04-03 12:09:12.811070
d44508f6-ea7c-44d8-a7c3-8c51e975d295,MLA43918831,catalog_required,Catalog_Required,False,True,2025-04-03 12:09:12.811193,2025-04-03 12:09:12.811193
2acc9d52-1bf8-4b0b-834c-95b247f2c5a2,MLA41083730,catalog_required,Catalog_Required,False,True,2025-04-03 12:09:12.811300,2025-04-03 12:09:12.811300
0f77fc68-08ba-4d10-bb7b-30a76242c58e,MLA42411374,catalog_required,Catalog_Required,False,True,2025-04-03 12:09:12.811396,2025-04-03 12:09:12.811397
838ce134-0a82-49dd-a339-5d633fa40a07,MLA44429515,catalog_required,Catalog_Required,False,True,2025-04-03 12:09:12.811434,2025-04-03 12:09:12.811435
454a246f-3099-4cbe-8bad-ac3ce67f2531,MLA25362243,catalog_required,Catalog_Required,False,True,2025-04-03 12:09:12.811528,2025-04-03 12:09:12.811528
23a7dfe2-6910-4a04-b1f0-1e49acac73e8,MLA45646033,catalog_required,Catalog_Required,False,True,2025-04-03 12:09:12.811583,2025-04-03 12:09:12.811583
c0c3cab6-ba99-45d9-b028-50ee02907408,MLA29223144,catalog_required,Catalog_Required,False,True,2025-04-03 12:09:12.811729,2025-04-03 12:09:12.811729
17bdac8c-7229-41de-a54d-45e15a823151,MLA23906562,catalog_required,Catalog_Required,False,True,2025-04-03 12:09:12.811846,2025-04-03 12:09:12.811846
facd9030-bdef-456d-869d-1b5f09e9d8c7,MLA41630493,catalog_required,Catalog_Required,False,True,2025-04-03 12:09:12.811958,2025-04-03 12:09:12.811958
60a51f4a-6546-4594-a81f-53bfcd7ab764,MLA23876507,catalog_required,Catalog_Required,False,True,2025-04-03 12:09:12.812054,2025-04-03 12:09:12.812054
a2b46e9e-4a22-411e-af8b-5757f5fe38f6,MLA28370643,catalog_required,Catalog_Required,False,True,2025-04-03 12:09:12.812140,2025-04-03 12:09:12.812141
33808d69-fbf8-4abd-bba1-2504352321c2,MLA41826045,catalog_required,Catalog_Required,False,True,2025-04-03 12:09:12.812174,2025-04-03 12:09:12.812174
09efbb20-9f03-49ed-8a9f-4943d472c9b5,MLA20561974,catalog_required,Catalog_Required,False,True,2025-04-03 12:09:12.812204,2025-04-03 12:09:12.812205
92246691-f7d2-40e7-bcce-914f0ca631c3,MLA45377763,catalog_required,Catalog_Required,False,True,2025-04-03 12:09:12.812259,2025-04-03 12:09:12.812259
762bf4df-bd91-487e-b61a-dc4d85be2bad,MLA28479770,catalog_required,Catalog_Required,False,True,2025-04-03 12:09:12.812351,2025-04-03 12:09:12.812351
ddf103e4-cea6-4cae-a60b-787b3b85dd02,MLA43274418,catalog_required,Catalog_Required,False,True,2025-04-03 12:09:12.812400,2025-04-03 12:09:12.812400
8ed6a8d8-3046-43e9-9c9f-2a37d7286a63,MLA39014899,catalog_required,Catalog_Required,False,True,2025-04-03 12:09:12.812477,2025-04-03 12:09:12.812477
0a48fc1a-8cc8-4b0d-8a1d-4fd2f4f53ce8,MLA41834937,catalog_required,Catalog_Required,False,True,2025-04-03 12:09:12.812529,2025-04-03 12:09:12.812529
5acd52ef-f8d8-46f7-ae9a-bdc39ac04543,MLA42857060,catalog_required,Catalog_Required,False,True,2025-04-03 12:09:12.812594,2025-04-03 12:09:12.812595
8406f7fc-4787-4bc8-aaf0-bcf9d0639852,MLA34219547,catalog_required,Catalog_Required,False,True,2025-04-03 12:09:12.812728,2025-04-03 12:09:12.812728
51823214-7b89-4978-a170-0709598b4024,MLA36100882,catalog_required,Catalog_Required,False,True,2025-04-03 12:09:12.812774,2025-04-03 12:09:12.812775
689619b9-2258-4b00-854c-296ed0f67112,MLA34350481,catalog_required,Catalog_Required,False,True,2025-04-03 12:09:12.812908,2025-04-03 12:09:12.812908
c3e2b3f1-e349-4d34-ab22-a43242478f3f,MLA46424691,catalog_required,Catalog_Required,False,True,2025-04-03 12:09:12.812936,2025-04-03 12:09:12.812936
02881c45-39d9-489f-b7b4-7e9a8b473c73,MLA41915257,catalog_required,Catalog_Required,False,True,2025-04-03 12:09:12.813039,2025-04-03 12:09:12.813040
c42b294a-0d90-40c3-ab09-04b33a9db9e7,MLA37501143,catalog_required,Catalog_Required,False,True,2025-04-03 12:09:12.813073,2025-04-03 12:09:12.813073
8169c353-fcbb-47a0-8f04-179d70168193,MLA46615984,catalog_required,Catalog_Required,False,True,2025-04-03 12:09:12.813090,2025-04-03 12:09:12.813090
4ee38811-6eca-4daf-8786-8f4e4ded410c,MLA41101465,catalog_required,Catalog_Required,False,True,2025-04-03 12:09:12.813119,2025-04-03 12:09:12.813119
c24c91dd-928a-4169-8759-0611513ba1b4,MLA34337474,catalog_required,Catalog_Required,False,True,2025-04-03 12:09:12.813164,2025-04-03 12:09:12.813164
467610dc-4392-4e5e-b94a-1daf3379497f,MLA27803562,catalog_required,Catalog_Required,False,True,2025-04-03 12:09:12.813186,2025-04-03 12:09:12.813187
266ee611-42f4-4fb4-9a50-0f98253a71ed,MLA25208882,catalog_required,Catalog_Required,False,True,2025-04-03 12:09:12.813315,2025-04-03 12:09:12.813315
579a6693-edc4-4b31-a56a-ae9a797cc6d2,MLA32379038,catalog_required,Catalog_Required,False,True,2025-04-03 12:09:12.813339,2025-04-03 12:09:12.813339
1aca2218-facc-40eb-afd7-98bc2093623e,MLA40203816,catalog_required,Catalog_Required,False,True,2025-04-03 12:09:12.813369,2025-04-03 12:09:12.813369
74399b33-a6a1-40c0-8ce4-61493bc75398,MLA29652225,catalog_required,Catalog_Required,False,True,2025-04-03 12:09:12.813397,2025-04-03 12:09:12.813397
860c1b6f-bfd2-4cbc-baae-cb508fe5d952,MLA36344212,catalog_required,Catalog_Required,False,True,2025-04-03 12:09:12.813441,2025-04-03 12:09:12.813441
ae5a0e7a-4fb1-4a65-9650-c3e1a5cc0ca1,MLA43953849,catalog_required,Catalog_Required,False,True,2025-04-03 12:09:12.813472,2025-04-03 12:09:12.813472
e63b3805-ab74-4ebe-8a55-07103c92c122,MLA34185744,catalog_required,Catalog_Required,False,True,2025-04-03 12:09:12.813523,2025-04-03 12:09:12.813523
f406bcad-b5dc-4087-a62d-e094f092cf07,MLA25444469,catalog_required,Catalog_Required,False,True,2025-04-03 12:09:12.813556,2025-04-03 12:09:12.813556
79745fe5-083c-4efe-b573-a1aa6da33784,MLA21622180,catalog_required,Catalog_Required,False,True,2025-04-03 12:09:12.813598,2025-04-03 12:09:12.813598
8436bac5-a48c-4884-933a-5b32f645b812,MLA28801483,catalog_required,Catalog_Required,False,True,2025-04-03 12:09:12.813666,2025-04-03 12:09:12.813666
9ce77ab5-e97d-4b17-9cc8-ae98423441f1,MLA37201576,catalog_required,Catalog_Required,False,True,2025-04-03 12:09:12.813695,2025-04-03 12:09:12.813695
419e8815-5f05-4be9-809b-08c91e0368ed,MLA24434192,catalog_required,Catalog_Required,False,True,2025-04-03 12:09:12.813722,2025-04-03 12:09:12.813722
9976375c-1a15-4586-807a-2b9a75bd9012,MLA42141452,catalog_required,Catalog_Required,False,True,2025-04-03 12:09:12.813808,2025-04-03 12:09:12.813808
0b97b66f-bde0-4736-bc50-7435cead6ac4,MLA42144900,catalog_required,Catalog_Required,False,True,2025-04-03 12:09:12.813830,2025-04-03 12:09:12.813830
2a2355d2-6e0c-42f8-aae8-955f53730678,MLA46599046,catalog_required,Catalog_Required,False,True,2025-04-03 12:09:12.813850,2025-04-03 12:09:12.813850
bb8b933b-36e2-4ff2-8f4d-868c9af3a064,MLA41071492,catalog_required,Catalog_Required,False,True,2025-04-03 12:09:12.813870,2025-04-03 12:09:12.813871
91b4b41f-8e53-4615-a658-20460e7d5251,MLA45360496,catalog_required,Catalog_Required,False,True,2025-04-03 12:09:12.813898,2025-04-03 12:09:12.813898
97301ff2-ebb4-458c-a55b-3583829b1cfc,MLA16233184,catalog_required,Catalog_Required,False,True,2025-04-03 12:09:12.813918,2025-04-03 12:09:12.813918
953c412d-1953-4814-84b9-3ef3beed11e5,MLA45968958,catalog_required,Catalog_Required,False,True,2025-04-03 12:09:12.814042,2025-04-03 12:09:12.814042
0ea08b72-051b-4efd-894c-5ac97ef00b5a,MLA22964861,catalog_required,Catalog_Required,False,True,2025-04-03 12:09:12.814162,2025-04-03 12:09:12.814163
decb0d86-b4d8-410c-9565-68303d22a08c,MLA20255928,catalog_required,Catalog_Required,False,True,2025-04-03 12:09:12.814186,2025-04-03 12:09:12.814186
e9f8e093-26df-4b63-9579-ffe0f2444465,MLA23953951,catalog_required,Catalog_Required,False,True,2025-04-03 12:09:12.814277,2025-04-03 12:09:12.814277
7ec73591-a5ce-4ec0-b82e-f57baab5f9f9,MLA6304838,catalog_required,Catalog_Required,False,True,2025-04-03 12:09:12.814303,2025-04-03 12:09:12.814303
951ae4bb-8269-4523-812b-26b3f5135965,MLA32222089,catalog_required,Catalog_Required,False,True,2025-04-03 12:09:12.814411,2025-04-03 12:09:12.814412
80e8b8d0-62ed-418d-9718-d1de7b60df39,MLA25208896,catalog_required,Catalog_Required,False,True,2025-04-03 12:09:12.814432,2025-04-03 12:09:12.814432
d78d7197-f3db-43ef-a751-f4cceeaed216,MLA24589099,catalog_required,Catalog_Required,False,True,2025-04-03 12:09:12.814451,2025-04-03 12:09:12.814451
bc62dca1-5c42-412d-90db-08743e63134e,MLA25208878,catalog_required,Catalog_Required,False,True,2025-04-03 12:09:12.814472,2025-04-03 12:09:12.814472
4d7fd6b5-2839-4176-a107-0e8981d57d05,MLA22762001,catalog_required,Catalog_Required,False,True,2025-04-03 12:09:12.814552,2025-04-03 12:09:12.814553
0b5aac09-db51-4873-9544-8ac8662af7ee,MLA42037245,catalog_required,Catalog_Required,False,True,2025-04-03 12:09:12.814640,2025-04-03 12:09:12.814640
2ccda243-3f12-43c3-aa44-76df2eeb92ae,MLA27081837,catalog_required,Catalog_Required,False,True,2025-04-03 12:09:12.814664,2025-04-03 12:09:12.814664
9b636bf5-27b5-4f4e-a9f5-30d8c8c553bc,MLA21774712,catalog_required,Catalog_Required,False,True,2025-04-03 12:09:12.814684,2025-04-03 12:09:12.814684
f18780f3-4c3f-4ad1-9a55-a7de8433cd18,MLA42186248,catalog_required,Catalog_Required,False,True,2025-04-03 12:09:12.814771,2025-04-03 12:09:12.814771
b0aa231c-a2bf-45ed-ab23-96f2f0d9e5e4,MLA27202671,catalog_required,Catalog_Required,False,True,2025-04-03 12:09:12.814798,2025-04-03 12:09:12.814798
fc572a5f-50fe-42a1-833b-d4ef7b51258d,MLA24666237,catalog_required,Catalog_Required,False,True,2025-04-03 12:09:12.814859,2025-04-03 12:09:12.814859
d48e8ba2-a405-4fd9-b6d4-124131889257,MLA34951047,catalog_required,Catalog_Required,False,True,2025-04-03 12:09:12.814883,2025-04-03 12:09:12.814883
4fcce62b-98b9-4fb5-8ba5-391dae10e1a1,MLA22826593,catalog_required,Catalog_Required,False,True,2025-04-03 12:09:12.814905,2025-04-03 12:09:12.814906
f2cec9ee-f224-42a0-9ec3-ff21eb91b342,MLA41070754,catalog_required,Catalog_Required,False,True,2025-04-03 12:09:12.814929,2025-04-03 12:09:12.814929
a1c08e0d-2d12-4d2b-9d6f-279076b6d766,MLA22341999,catalog_required,Catalog_Required,False,True,2025-04-03 12:09:12.814952,2025-04-03 12:09:12.814952
bfdda02f-e833-4c75-9e19-12d4a3beead7,MLA34921274,catalog_required,Catalog_Required,False,True,2025-04-03 12:09:12.814983,2025-04-03 12:09:12.814984
8fcd6609-afd6-4e50-a493-acf1fd32cebd,MLA29435054,catalog_required,Catalog_Required,False,True,2025-04-03 12:09:12.815075,2025-04-03 12:09:12.815076
46d179d7-fa11-4b39-b2d8-f43d3af7d4d8,MLA6125038,catalog_required,Catalog_Required,False,True,2025-04-03 12:09:12.815095,2025-04-03 12:09:12.815096
d09ed2cb-fbaf-4e02-b99f-7b4a3b986806,MLA27474748,catalog_required,Catalog_Required,False,True,2025-04-03 12:09:12.815210,2025-04-03 12:09:12.815211
c0dc27b3-bbd7-4a59-9c70-03b55ff91ce7,MLA36300440,catalog_required,Catalog_Required,False,True,2025-04-03 12:09:12.815262,2025-04-03 12:09:12.815263
6527ae5d-5531-4348-97dd-f7c5a85d33e8,MLA20544892,catalog_required,Catalog_Required,False,True,2025-04-03 12:09:12.815376,2025-04-03 12:09:12.815376
e73bd9ae-6a30-441f-9c4b-2f219b80f2e2,MLA19862209,catalog_required,Catalog_Required,False,True,2025-04-03 12:09:12.815470,2025-04-03 12:09:12.815470
8b25a046-1cb1-4714-9fe2-fe33e23e547d,MLA42167578,catalog_required,Catalog_Required,False,True,2025-04-03 12:09:12.815522,2025-04-03 12:09:12.815522
754eca88-a2f4-44f1-b1ca-cbd46e8e8304,MLA45025508,catalog_required,Catalog_Required,False,True,2025-04-03 12:09:12.815552,2025-04-03 12:09:12.815553
d1b5d9a6-dd1a-43bd-a20b-bbbdb2a90aa6,MLA23019122,catalog_required,Catalog_Required,False,True,2025-04-03 12:09:12.815575,2025-04-03 12:09:12.815575
92aae8a9-3bab-4e80-a79b-b9791468d514,MLA46650576,catalog_required,Catalog_Required,False,True,2025-04-03 12:09:12.815599,2025-04-03 12:09:12.815599
8cc49984-fbb8-49c5-b9e3-fd576381dc2e,MLA36289971,catalog_required,Catalog_Required,False,True,2025-04-03 12:09:12.815628,2025-04-03 12:09:12.815628
a5710087-3ad6-4150-af80-1dcf860d5658,MLA21237750,catalog_required,Catalog_Required,False,True,2025-04-03 12:09:12.815676,2025-04-03 12:09:12.815676
c1bda244-b33a-4e50-bfa2-c9b67764f210,MLA34077577,catalog_required,Catalog_Required,False,True,2025-04-03 12:09:12.815769,2025-04-03 12:09:12.815769
4b6b2836-bf48-4186-86f4-97b7f99511f6,MLA44242558,catalog_required,Catalog_Required,False,True,2025-04-03 12:09:12.815828,2025-04-03 12:09:12.815828
11aee077-b896-4cd9-851c-1faa5f1d31e8,MLA13841392,catalog_required,Catalog_Required,False,True,2025-04-03 12:09:12.815913,2025-04-03 12:09:12.815913
b5fe7a83-1410-4540-80e6-d08d3d1ab33d,MLA45478107,catalog_required,Catalog_Required,False,True,2025-04-03 12:09:12.816034,2025-04-03 12:09:12.816034
76f45b25-abc0-4ae5-8619-d6e3fa5f8175,MLA28705946,catalog_required,Catalog_Required,False,True,2025-04-03 12:09:12.816067,2025-04-03 12:09:12.816067
6dc7b001-e48d-4d6f-a001-02c6312e88b2,MLA13841393,catalog_required,Catalog_Required,False,True,2025-04-03 12:09:12.816098,2025-04-03 12:09:12.816098
37bebaa3-f2c3-4dc7-8d75-a6f253243328,MLA35715334,catalog_required,Catalog_Required,False,True,2025-04-03 12:09:12.816264,2025-04-03 12:09:12.816265
30e57d0c-de52-415f-9200-16f5c7b97941,MLA25863372,catalog_required,Catalog_Required,False,True,2025-04-03 12:09:12.816361,2025-04-03 12:09:12.816361
fe5a9666-a3b4-45d2-8628-0682aaf8b48c,MLA44208596,catalog_required,Catalog_Required,False,True,2025-04-03 12:09:12.816406,2025-04-03 12:09:12.816406
d4d63a63-1c8f-40a7-a2f4-b3f8b5ecf186,MLA24460155,catalog_required,Catalog_Required,False,True,2025-04-03 12:09:12.816451,2025-04-03 12:09:12.816451
7def5ef7-cd41-407b-8441-316013397139,MLA6125042,catalog_required,Catalog_Required,False,True,2025-04-03 12:09:12.816577,2025-04-03 12:09:12.816577
ce666bca-e01f-4d2b-b766-0b879cb1d53a,MLA47546946,catalog_required,Catalog_Required,False,True,2025-04-03 12:09:12.816694,2025-04-03 12:09:12.816694
88f38de4-4303-4d43-b855-c220a5073bd9,MLA20053796,catalog_required,Catalog_Required,False,True,2025-04-03 12:09:12.816718,2025-04-03 12:09:12.816718
948945aa-3dae-4d4e-af16-2db8c9a9c4a3,MLA45150218,catalog_required,Catalog_Required,False,True,2025-04-03 12:09:12.816754,2025-04-03 12:09:12.816754
d4b5c083-cea4-4deb-9722-acedb454d84b,MLA25033812,catalog_required,Catalog_Required,False,True,2025-04-03 12:09:12.816781,2025-04-03 12:09:12.816782
8002ab77-886f-4ff7-b9fa-80ba77b37a9a,MLA26595414,catalog_required,Catalog_Required,False,True,2025-04-03 12:09:12.816810,2025-04-03 12:09:12.816810
ae02815f-86bf-4ed7-b0b8-e0ae173f722a,MLA21319205,catalog_required,Catalog_Required,False,True,2025-04-03 12:09:12.816840,2025-04-03 12:09:12.816840
2e308f08-7252-4ee9-ab0e-25768810cd66,MLA45001904,catalog_required,Catalog_Required,False,True,2025-04-03 12:09:12.816863,2025-04-03 12:09:12.816864
daca5543-0d82-4dee-bbce-2d848f8a12b7,MLA24200451,catalog_required,Catalog_Required,False,True,2025-04-03 12:09:12.816898,2025-04-03 12:09:12.816898
cc35859e-f882-44e3-a4e1-3e1017f2869e,MLA26746470,catalog_required,Catalog_Required,False,True,2025-04-03 12:09:12.816931,2025-04-03 12:09:12.816931
ea772810-4ad7-4512-988a-01d308116921,MLA26746467,catalog_required,Catalog_Required,False,True,2025-04-03 12:09:12.817001,2025-04-03 12:09:12.817001
623cdddb-ecc7-4919-b5bf-b0160c880587,MLA36556405,catalog_required,Catalog_Required,False,True,2025-04-03 12:09:12.817043,2025-04-03 12:09:12.817043
eb2713aa-6e9c-4620-9701-09cf988b7b42,MLA22257161,catalog_required,Catalog_Required,False,True,2025-04-03 12:09:12.817086,2025-04-03 12:09:12.817086
3d9edcec-f2be-488d-9373-c4536e22c255,MLA21560506,catalog_required,Catalog_Required,False,True,2025-04-03 12:09:12.817111,2025-04-03 12:09:12.817111
5a792548-487c-49ec-b35c-7b400ba4edb2,MLA22244100,catalog_required,Catalog_Required,False,True,2025-04-03 12:09:12.817143,2025-04-03 12:09:12.817143
02b867c7-6e45-45d4-a6a5-1bb777967b4e,MLA13877774,catalog_required,Catalog_Required,False,True,2025-04-03 12:09:12.817167,2025-04-03 12:09:12.817167
21b6e604-797f-488e-8fab-d162f9b616bd,MLA29528550,catalog_required,Catalog_Required,False,True,2025-04-03 12:09:12.817259,2025-04-03 12:09:12.817259
238592f0-4482-48f3-ba70-9861f5677c47,MLA29066257,catalog_required,Catalog_Required,False,True,2025-04-03 12:09:12.817286,2025-04-03 12:09:12.817286
9c206b65-4725-49e2-83e5-0b0be9b7dd39,MLA27235368,catalog_required,Catalog_Required,False,True,2025-04-03 12:09:12.817337,2025-04-03 12:09:12.817337
f1368580-9555-4be7-b29c-91517c20cbb0,MLA45298011,catalog_required,Catalog_Required,False,True,2025-04-03 12:09:12.817361,2025-04-03 12:09:12.817361
e762572a-ce33-4b1a-8400-8487d28ee707,MLA41827758,catalog_required,Catalog_Required,False,True,2025-04-03 12:09:12.817393,2025-04-03 12:09:12.817393
6aea3421-14b2-41b9-87e2-8d7cd6cbb95f,MLA19918808,catalog_required,Catalog_Required,False,True,2025-04-03 12:09:12.817419,2025-04-03 12:09:12.817419
549527e5-8da2-479d-9622-f7b242384f74,MLA42839612,catalog_required,Catalog_Required,False,True,2025-04-03 12:09:12.817441,2025-04-03 12:09:12.817441
a54922e5-2da1-4630-bdc2-a3d796fee214,MLA16140082,catalog_required,Catalog_Required,False,True,2025-04-03 12:09:12.817490,2025-04-03 12:09:12.817490
061bcbbc-8865-4cc7-abf3-fb06d623969f,MLA21720055,catalog_required,Catalog_Required,False,True,2025-04-03 12:09:12.817571,2025-04-03 12:09:12.817571
b23a649d-77d3-4ba2-8038-5465815457b5,MLA21647272,catalog_required,Catalog_Required,False,True,2025-04-03 12:09:12.817594,2025-04-03 12:09:12.817595
1f2e6ac7-e324-478d-86f3-a843ed253f5c,MLA45000296,catalog_required,Catalog_Required,False,True,2025-04-03 12:09:12.817612,2025-04-03 12:09:12.817612
7c4b052a-116d-46d6-9ac7-401249edc9cb,MLA44063015,catalog_required,Catalog_Required,False,True,2025-04-03 12:09:12.817638,2025-04-03 12:09:12.817638
cf0f18bd-a042-4838-84ac-04d42ccdf440,MLA23871059,catalog_required,Catalog_Required,False,True,2025-04-03 12:09:12.817699,2025-04-03 12:09:12.817699
e09ed3b0-fe1c-4f91-b6de-49eee1b4bac7,MLA16023740,catalog_required,Catalog_Required,False,True,2025-04-03 12:09:12.817783,2025-04-03 12:09:12.817784
410345b4-31cb-4b49-98aa-512319a4f5c9,MLA34360345,catalog_required,Catalog_Required,False,True,2025-04-03 12:09:12.817854,2025-04-03 12:09:12.817854
15d0423b-1be3-47cf-a4a1-d34b1b7750fb,MLA46424690,catalog_required,Catalog_Required,False,True,2025-04-03 12:09:12.817872,2025-04-03 12:09:12.817872
60a42175-4c13-4f71-bda2-7e743b88ace3,MLA11979832,catalog_required,Catalog_Required,False,True,2025-04-03 12:09:12.817904,2025-04-03 12:09:12.817905
2aaba63b-da68-4577-8e1a-598c048b48bc,MLA20615703,catalog_required,Catalog_Required,False,True,2025-04-03 12:09:12.817970,2025-04-03 12:09:12.817970
8c7ca00b-88db-41b2-8c0a-209089f5598c,MLA45001448,catalog_required,Catalog_Required,False,True,2025-04-03 12:09:12.818037,2025-04-03 12:09:12.818037
f261fa1e-e282-4025-99f5-1959303bada1,MLA44218749,catalog_required,Catalog_Required,False,True,2025-04-03 12:09:12.818066,2025-04-03 12:09:12.818066
8e0827e6-72af-46ed-8e37-2a3c3e310ce2,MLA6253547,catalog_required,Catalog_Required,False,True,2025-04-03 12:09:12.818116,2025-04-03 12:09:12.818116
0086f308-ef24-47bc-99bc-7485d3b2307f,MLA21560508,catalog_required,Catalog_Required,False,True,2025-04-03 12:09:12.818197,2025-04-03 12:09:12.818197
90226bb4-7048-490a-beea-ce87ae0c67f8,MLA24596825,catalog_required,Catalog_Required,False,True,2025-04-03 12:09:12.818212,2025-04-03 12:09:12.818212
a79c98f5-9a5a-469a-8154-700469897f71,MLA26153323,catalog_required,Catalog_Required,False,True,2025-04-03 12:09:12.818245,2025-04-03 12:09:12.818245
d116df25-6fa7-40f0-ab57-396dcdf78b41,MLA28112657,catalog_required,Catalog_Required,False,True,2025-04-03 12:09:12.818267,2025-04-03 12:09:12.818267
47ce03c0-7bde-4ad4-b36b-3340b3e9404a,MLA45153975,catalog_required,Catalog_Required,False,True,2025-04-03 12:09:12.818334,2025-04-03 12:09:12.818334
61e37561-58df-415f-8e84-43c55590561d,MLA24434185,catalog_required,Catalog_Required,False,True,2025-04-03 12:09:12.818385,2025-04-03 12:09:12.818385
7278b6e4-f023-4ba9-88cf-9474f8a0cbd6,MLA23691729,catalog_required,Catalog_Required,False,True,2025-04-03 12:09:12.818413,2025-04-03 12:09:12.818413
05ad6ca8-d97a-4651-a18b-386a7e2e8efe,MLA28209270,catalog_required,Catalog_Required,False,True,2025-04-03 12:09:12.818436,2025-04-03 12:09:12.818436
495d61a7-c1ae-461c-a2ee-4cc4a0eb9d0f,MLA44100658,catalog_required,Catalog_Required,False,True,2025-04-03 12:09:12.818456,2025-04-03 12:09:12.818456
8a15848d-2f75-4f0d-9563-9f536bbc83ec,MLA44219986,catalog_required,Catalog_Required,False,True,2025-04-03 12:09:12.818502,2025-04-03 12:09:12.818502
def6816a-c4e1-4c0a-9ce2-28ef058ee1b9,MLA46628071,catalog_required,Catalog_Required,False,True,2025-04-03 12:09:12.818526,2025-04-03 12:09:12.818526
ea316f49-5184-4751-943f-9b50091708b6,MLA24000830,catalog_required,Catalog_Required,False,True,2025-04-03 12:09:12.818549,2025-04-03 12:09:12.818550
89555dea-6dbe-41a2-9727-479c94379f8f,MLA39033244,catalog_required,Catalog_Required,False,True,2025-04-03 12:09:12.818588,2025-04-03 12:09:12.818588
a311e07f-5a22-4606-8958-66ab8af6f81d,MLA45067173,catalog_required,Catalog_Required,False,True,2025-04-03 12:09:12.818630,2025-04-03 12:09:12.818630
417671e7-fd23-4ddc-8f71-1c988215018d,MLA41070240,catalog_required,Catalog_Required,False,True,2025-04-03 12:09:12.818655,2025-04-03 12:09:12.818655
f65b2798-f65c-4aee-bd62-9bdf438bf835,MLA44999222,catalog_required,Catalog_Required,False,True,2025-04-03 12:09:12.818673,2025-04-03 12:09:12.818673
eefb5a35-3f74-4471-a8ee-425a049dfacf,MLA46386226,catalog_required,Catalog_Required,False,True,2025-04-03 12:09:12.818705,2025-04-03 12:09:12.818705
17f1ac7f-8452-4606-9fc5-a1a004bfa265,MLA44112536,catalog_required,Catalog_Required,False,True,2025-04-03 12:09:12.818741,2025-04-03 12:09:12.818742
c6e86017-c38c-4033-8974-e366916eff7b,MLA44999332,catalog_required,Catalog_Required,False,True,2025-04-03 12:09:12.818797,2025-04-03 12:09:12.818798
0db4a4f5-3d7d-480a-82fc-2c09399099f0,MLA46577168,catalog_required,Catalog_Required,False,True,2025-04-03 12:09:12.818821,2025-04-03 12:09:12.818821
2548c7b1-65be-4e79-92d5-7730a6ff1f1f,MLA26513690,catalog_required,Catalog_Required,False,True,2025-04-03 12:09:12.818858,2025-04-03 12:09:12.818858
02e6d7c2-3883-4051-9795-656d0e2a2bc2,MLA36742852,catalog_required,Catalog_Required,False,True,2025-04-03 12:09:12.818884,2025-04-03 12:09:12.818885
95c59fa4-25be-4a53-ba17-67cadee75329,MLA22989599,catalog_required,Catalog_Required,False,True,2025-04-03 12:09:12.818918,2025-04-03 12:09:12.818918
7c304e21-57bc-4ed1-be19-6a32a549fb86,MLA35543563,catalog_required,Catalog_Required,False,True,2025-04-03 12:09:12.818939,2025-04-03 12:09:12.818939
92410254-369c-4e81-a3a7-f8bd04a1a658,MLA41915829,catalog_required,Catalog_Required,False,True,2025-04-03 12:09:12.818953,2025-04-03 12:09:12.818953
c95e38c2-dba1-4426-86c9-82afeab29ffa,MLA46031075,catalog_required,Catalog_Required,False,True,2025-04-03 12:09:12.818973,2025-04-03 12:09:12.818973
7367e931-cb65-4456-8813-e02a11475465,MLA13877782,catalog_required,Catalog_Required,False,True,2025-04-03 12:09:12.818991,2025-04-03 12:09:12.818991
1da1743f-65bd-4b39-a058-e976dc0b6df6,MLA24817938,catalog_required,Catalog_Required,False,True,2025-04-03 12:09:12.819090,2025-04-03 12:09:12.819091
e3696bc0-4f1b-4336-a01d-9288edb743e8,MLA44611551,catalog_required,Catalog_Required,False,True,2025-04-03 12:09:12.819161,2025-04-03 12:09:12.819162
090271ed-c78f-404e-897c-88c17d4f9e24,MLA41082380,catalog_required,Catalog_Required,False,True,2025-04-03 12:09:12.819229,2025-04-03 12:09:12.819229
a1029030-bc48-4260-92c3-a334ee0ddcdc,MLA38462012,catalog_required,Catalog_Required,False,True,2025-04-03 12:09:12.819247,2025-04-03 12:09:12.819247
04d4b38b-c2a9-4cad-bb8b-ba05457215e7,MLA45002221,catalog_required,Catalog_Required,False,True,2025-04-03 12:09:12.819342,2025-04-03 12:09:12.819342
3b100183-4fe8-41b5-8557-bcbb4ec31644,MLA44180062,catalog_required,Catalog_Required,False,True,2025-04-03 12:09:12.819374,2025-04-03 12:09:12.819374
900300cb-924e-4a82-b9c9-f1c46e41b790,MLA18475448,catalog_required,Catalog_Required,False,True,2025-04-03 12:09:12.819407,2025-04-03 12:09:12.819407
05c3ce32-206c-4825-82d5-4d9b62be0311,MLA43956238,catalog_required,Catalog_Required,False,True,2025-04-03 12:09:12.819465,2025-04-03 12:09:12.819465
e909dc8e-bc48-4ae7-82a5-4522eb27d4e0,MLA21186738,catalog_required,Catalog_Required,False,True,2025-04-03 12:09:12.819504,2025-04-03 12:09:12.819504
d502c52f-8084-4cf8-a02a-6f6bd6c78a1b,MLA36390807,catalog_required,Catalog_Required,False,True,2025-04-03 12:09:12.819522,2025-04-03 12:09:12.819522
e9045dd5-c5fa-432f-b577-7326460433b0,MLA22618658,catalog_required,Catalog_Required,False,True,2025-04-03 12:09:12.819548,2025-04-03 12:09:12.819548
416e2f05-a72b-4784-9c40-1a0f7a78a132,MLA46119738,catalog_required,Catalog_Required,False,True,2025-04-03 12:09:12.819619,2025-04-03 12:09:12.819619
2d83f8eb-b8f8-4eaf-ab30-0bb6d58f6326,MLA35587177,catalog_required,Catalog_Required,False,True,2025-04-03 12:09:12.819645,2025-04-03 12:09:12.819646
16020312-60b0-477f-a9b0-d6c95ac4c8c5,MLA44038361,catalog_required,Catalog_Required,False,True,2025-04-03 12:09:12.819745,2025-04-03 12:09:12.819745
89c08586-488c-4954-ae97-0adcbeb8ab75,MLA43896318,catalog_required,Catalog_Required,False,True,2025-04-03 12:09:12.819823,2025-04-03 12:09:12.819823
8f71543a-d416-405c-b80e-15cb9810d5e9,MLA28972674,catalog_required,Catalog_Required,False,True,2025-04-03 12:09:12.819847,2025-04-03 12:09:12.819847
6fca8bfc-2276-4835-a7f5-38a132234c7e,MLA10931841,catalog_required,Catalog_Required,False,True,2025-04-03 12:09:12.819941,2025-04-03 12:09:12.819941
b154d145-2c0b-4b2e-925f-193b94b65afe,MLA32042452,catalog_required,Catalog_Required,False,True,2025-04-03 12:09:12.820000,2025-04-03 12:09:12.820000
ccc9096a-1626-4eed-aebb-078eb81041e6,MLA24576412,catalog_required,Catalog_Required,False,True,2025-04-03 12:09:12.820027,2025-04-03 12:09:12.820027
5a833f47-40d7-4c99-b7d0-69162d876271,MLA40796830,catalog_required,Catalog_Required,False,True,2025-04-03 12:09:12.820064,2025-04-03 12:09:12.820065
41b0c156-668d-476e-86a0-4f7c526f72c3,MLA44525203,catalog_required,Catalog_Required,False,True,2025-04-03 12:09:12.820095,2025-04-03 12:09:12.820095
9c6a2e37-8591-4243-a109-bb1a83377aa1,MLA20554738,catalog_required,Catalog_Required,False,True,2025-04-03 12:09:12.820127,2025-04-03 12:09:12.820127
5eb246cb-0434-41a3-893b-a64f5a92296e,MLA17848458,catalog_required,Catalog_Required,False,True,2025-04-03 12:09:12.820153,2025-04-03 12:09:12.820153
c08c208b-d4fa-4273-906e-c25b4f1290ae,MLA21141906,catalog_required,Catalog_Required,False,True,2025-04-03 12:09:12.820222,2025-04-03 12:09:12.820222
9a62897a-6249-4d73-8f13-327ec97a286f,MLA19845597,catalog_required,Catalog_Required,False,True,2025-04-03 12:09:12.820249,2025-04-03 12:09:12.820249
b9fe2db8-7876-4d80-a909-36019b4d263e,MLA44250964,catalog_required,Catalog_Required,False,True,2025-04-03 12:09:12.820276,2025-04-03 12:09:12.820276
45a7bcc5-1720-42a3-8f05-620f501a7837,MLA41750696,catalog_required,Catalog_Required,False,True,2025-04-03 12:09:12.820316,2025-04-03 12:09:12.820317
1404d86c-b610-40ed-bb6e-fdc41be39e4f,MLA22832978,catalog_required,Catalog_Required,False,True,2025-04-03 12:09:12.820347,2025-04-03 12:09:12.820347
2f0c7ea7-3e14-41d5-9073-77fe4c250bf6,MLA44251062,catalog_required,Catalog_Required,False,True,2025-04-03 12:09:12.820374,2025-04-03 12:09:12.820374
cfddd761-682a-4c10-9a46-dc21fdb531d5,MLA23069364,catalog_required,Catalog_Required,False,True,2025-04-03 12:09:12.820446,2025-04-03 12:09:12.820447
5765bfe0-de25-4722-81bc-a57b67d57bd2,MLA35429995,catalog_required,Catalog_Required,False,True,2025-04-03 12:09:12.820570,2025-04-03 12:09:12.820570
7f9bb869-c882-4e1b-97a6-55e2289c2b27,MLA26186828,catalog_required,Catalog_Required,False,True,2025-04-03 12:09:12.820590,2025-04-03 12:09:12.820590
57cee3a8-9f6d-42ff-afee-5d40ad29cc0f,MLA45397375,catalog_required,Catalog_Required,False,True,2025-04-03 12:09:12.820619,2025-04-03 12:09:12.820620
0d6e49c8-eed9-4e9f-b06c-866b295591ef,MLA37651541,catalog_required,Catalog_Required,False,True,2025-04-03 12:09:12.820658,2025-04-03 12:09:12.820658
9b3dc83d-716d-447a-9ec9-c965c2d23eb5,MLA15998180,catalog_required,Catalog_Required,False,True,2025-04-03 12:09:12.820696,2025-04-03 12:09:12.820696
bc0e1130-e91a-481f-bdbd-71e07cd8fd40,MLA10931843,catalog_required,Catalog_Required,False,True,2025-04-03 12:09:12.820798,2025-04-03 12:09:12.820798
1cd1f848-fbe4-42b2-a868-4d9b94298e76,MLA35235194,catalog_required,Catalog_Required,False,True,2025-04-03 12:09:12.820867,2025-04-03 12:09:12.820867
eeb000d8-ab0f-4f37-875c-5f198e5cf41c,MLA42419422,catalog_required,Catalog_Required,False,True,2025-04-03 12:09:12.820933,2025-04-03 12:09:12.820934
ea050da6-6dea-48c3-90f5-2126c9b08661,MLA22870931,catalog_required,Catalog_Required,False,True,2025-04-03 12:09:12.820961,2025-04-03 12:09:12.820961
df4db521-dfdb-475d-af88-85267a74065b,MLA44112022,catalog_required,Catalog_Required,False,True,2025-04-03 12:09:12.821018,2025-04-03 12:09:12.821019
ef249701-2bc3-421f-a800-ab9a67d41192,MLA20188978,catalog_required,Catalog_Required,False,True,2025-04-03 12:09:12.821075,2025-04-03 12:09:12.821075
2e663306-033d-4f44-bdbe-6e669707a6ef,MLA44037163,catalog_required,Catalog_Required,False,True,2025-04-03 12:09:12.821123,2025-04-03 12:09:12.821123
84b00fa8-3e1a-418d-86eb-b53dc85d0356,MLA29637609,catalog_required,Catalog_Required,False,True,2025-04-03 12:09:12.821151,2025-04-03 12:09:12.821151
b593491f-18fa-4d95-9237-0b0557474ab9,MLA41071584,catalog_required,Catalog_Required,False,True,2025-04-03 12:09:12.821172,2025-04-03 12:09:12.821172
69a0762c-1c2c-4e5c-b3f6-3d9226733c83,MLA20188982,catalog_required,Catalog_Required,False,True,2025-04-03 12:09:12.821191,2025-04-03 12:09:12.821192
587f1663-d153-4988-b7b8-3b122bafd3c7,MLA41256114,catalog_required,Catalog_Required,False,True,2025-04-03 12:09:12.821276,2025-04-03 12:09:12.821277
c15789a2-59e8-421a-8dc2-55ef2786db86,MLA42506392,catalog_required,Catalog_Required,False,True,2025-04-03 12:09:12.821316,2025-04-03 12:09:12.821317
c692d162-ea4d-4b66-817b-1593b04f644a,MLA45424691,catalog_required,Catalog_Required,False,True,2025-04-03 12:09:12.821369,2025-04-03 12:09:12.821369
318d307d-4546-4587-adc8-5236cd42fc29,MLA44150266,catalog_required,Catalog_Required,False,True,2025-04-03 12:09:12.821389,2025-04-03 12:09:12.821389
34a3f982-fdc1-482e-be5a-b725db3db9c2,MLA41073863,catalog_required,Catalog_Required,False,True,2025-04-03 12:09:12.821471,2025-04-03 12:09:12.821471
42cc5008-04a1-4de9-945c-c78c88d4599d,MLA46643069,catalog_required,Catalog_Required,False,True,2025-04-03 12:09:12.821493,2025-04-03 12:09:12.821493
28f1beb5-d316-4d92-89ca-c76a5e8ac849,MLA20209172,catalog_required,Catalog_Required,False,True,2025-04-03 12:09:12.821519,2025-04-03 12:09:12.821520
49e3b8b9-0f42-42f1-b41a-4386019b5031,MLA34014372,catalog_required,Catalog_Required,False,True,2025-04-03 12:09:12.821546,2025-04-03 12:09:12.821546
eb84925d-64d1-476a-a773-39a8448b2e80,MLA44176706,catalog_required,Catalog_Required,False,True,2025-04-03 12:09:12.821570,2025-04-03 12:09:12.821570
717d77d4-c294-46f9-9c75-5ba31fdf4b74,MLA22761999,catalog_required,Catalog_Required,False,True,2025-04-03 12:09:12.821589,2025-04-03 12:09:12.821590
f1a63878-ef71-439c-8da9-ad722f06de80,MLA44121929,catalog_required,Catalog_Required,False,True,2025-04-03 12:09:12.821684,2025-04-03 12:09:12.821684
63e605cb-7bb7-43c6-8228-3f4c5e3ac457,MLA44178809,catalog_required,Catalog_Required,False,True,2025-04-03 12:09:12.821748,2025-04-03 12:09:12.821748
98ab6a1a-4a32-4d54-bb03-8c7014cc7290,MLA18614527,catalog_required,Catalog_Required,False,True,2025-04-03 12:09:12.821781,2025-04-03 12:09:12.821781
aedbc556-73c9-4658-9c49-e8e43f0da396,MLA27234204,catalog_required,Catalog_Required,False,True,2025-04-03 12:09:12.821882,2025-04-03 12:09:12.821882
6eea7a22-8c26-4859-a217-900a9e9dddc3,MLA44049282,catalog_required,Catalog_Required,False,True,2025-04-03 12:09:12.821905,2025-04-03 12:09:12.821905
ee664017-759f-4d50-8992-60058a959aa4,MLA41083727,catalog_required,Catalog_Required,False,True,2025-04-03 12:09:12.821951,2025-04-03 12:09:12.821951
0496f6b6-003e-4e65-9c21-4459bdae6ede,MLA23952431,catalog_required,Catalog_Required,False,True,2025-04-03 12:09:12.821971,2025-04-03 12:09:12.821971
2f909abe-a988-4e91-943b-2d189363df1c,MLA37928134,catalog_required,Catalog_Required,False,True,2025-04-03 12:09:12.822078,2025-04-03 12:09:12.822078
04446b14-fef8-44ba-8da8-b6c232a99088,MLA46070630,catalog_required,Catalog_Required,False,True,2025-04-03 12:09:12.822111,2025-04-03 12:09:12.822111
4a3c74d9-4d3f-481f-9836-ad059115969f,MLA24219630,catalog_required,Catalog_Required,False,True,2025-04-03 12:09:12.822148,2025-04-03 12:09:12.822148
72becf6f-58c8-4e99-b17b-ac9e83c23a4d,MLA20255929,catalog_required,Catalog_Required,False,True,2025-04-03 12:09:12.822252,2025-04-03 12:09:12.822252
6bf8e318-2ca0-4e9b-9a1e-80f153df7db0,MLA45643642,catalog_required,Catalog_Required,False,True,2025-04-03 12:09:12.822282,2025-04-03 12:09:12.822282
55de30ef-52fc-4029-a762-1bcd9625955b,MLA44098335,catalog_required,Catalog_Required,False,True,2025-04-03 12:09:12.822374,2025-04-03 12:09:12.822374
3a8938c1-2991-497f-987a-d6ebc8b390b9,MLA23224956,catalog_required,Catalog_Required,False,True,2025-04-03 12:09:12.822397,2025-04-03 12:09:12.822397
191ded56-c3d5-42f9-ab4e-bdeef95f476b,MLA17795952,catalog_required,Catalog_Required,False,True,2025-04-03 12:09:12.822439,2025-04-03 12:09:12.822439
d613a1d3-7955-4281-adc3-1acd0d382323,MLA42226421,catalog_required,Catalog_Required,False,True,2025-04-03 12:09:12.822530,2025-04-03 12:09:12.822530
6780e488-d6cc-45aa-8f2e-1cfd44c4413e,MLA40697019,catalog_required,Catalog_Required,False,True,2025-04-03 12:09:12.822564,2025-04-03 12:09:12.822564
ba2e6e61-2fd9-401d-bcf6-eb4d29546426,MLA6253543,catalog_required,Catalog_Required,False,True,2025-04-03 12:09:12.822637,2025-04-03 12:09:12.822637
3bafec45-c12d-43e9-9701-b52961303158,MLA22209469,catalog_required,Catalog_Required,False,True,2025-04-03 12:09:12.822735,2025-04-03 12:09:12.822735
0ac129f6-df13-4d49-a5a9-5652f8bf31e7,MLA21930281,catalog_required,Catalog_Required,False,True,2025-04-03 12:09:12.822755,2025-04-03 12:09:12.822755
